num_conta;cod_cliente;cod_agencia;cod_colaborador;tipo_conta;data_abertura;horario_abertura;saldo_total;saldo_disponivel;data_ultimo_lancamento;horario_ultimo_lancamento
53;53;1;7;PF;24/05/2011;15:30:00;2984.76;2814.67;02/07/2019;11:03:46
190;190;1;7;PF;17/10/2014;14:48:00;4262.43;4191.86;25/03/2021;12:00:15
191;191;1;7;PF;23/03/2013;14:14:00;3266.57;3080.71;09/09/2016;23:34:15
203;203;1;7;PF;03/08/2016;16:13:00;21241.54;19461.56;28/12/2022;07:58:24
254;254;1;7;PF;24/10/2012;13:48:00;13335.70;13197.54;20/12/2013;22:20:00
306;306;1;7;PF;23/05/2012;12:11:00;22997.47;21677.88;05/10/2016;03:14:36
472;472;1;7;PF;07/08/2022;12:08:00;4178.42;4183.68;30/12/2022;00:00:01
520;520;1;7;PF;03/11/2019;16:26:00;1809.81;1288.51;29/12/2022;00:00:00
739;739;1;7;PF;26/02/2014;12:20:00;45.77;616.79;29/12/2022;00:00:00
509;509;1;13;PF;20/01/2012;11:56:00;19159.80;19863.76;09/06/2016;22:25:04
688;688;1;13;PF;05/12/2017;11:03:00;61105.56;55917.15;24/09/2022;13:18:37
775;775;1;13;PF;19/03/2011;14:55:00;39008.68;35288.34;25/06/2021;14:12:03
920;920;1;13;PF;22/01/2021;13:48:00;2023.58;2511.30;29/12/2022;00:00:00
954;954;1;13;PF;15/04/2012;10:23:00;35545.03;34545.62;22/03/2020;02:59:42
955;955;1;13;PF;28/03/2020;14:02:00;79502.07;80952.72;04/06/2022;07:26:23
170;170;1;14;PF;15/12/2022;16:01:00;926.71;335.38;11/01/2023;09:04:20
218;218;1;14;PF;01/10/2019;16:05:00;180027.69;168407.88;09/09/2022;10:51:55
555;555;1;14;PF;24/08/2012;12:57:00;52691.54;54240.69;01/04/2019;21:41:58
741;741;1;14;PF;03/03/2012;14:17:00;91849.87;83480.04;17/11/2020;22:35:58
751;751;1;14;PF;13/01/2012;12:29:00;59.75;44.86;17/07/2022;17:25:28
953;953;1;14;PF;11/06/2015;15:05:00;1866.73;1827.75;29/12/2022;23:59:59
108;108;1;23;PF;13/04/2017;12:21:00;1171.45;812.56;29/12/2022;00:00:00
110;110;1;23;PF;19/06/2020;16:06:00;11059.76;10208.05;30/12/2022;00:00:00
242;242;1;23;PF;06/05/2010;14:03:00;165102.06;163409.68;09/08/2019;23:42:11
528;528;1;23;PF;15/08/2013;14:41:00;7243.59;7380.67;04/09/2018;03:56:17
844;844;1;23;PF;19/09/2022;12:48:00;20803.94;20373.14;29/12/2022;00:00:00
888;888;1;23;PF;13/04/2016;11:01:00;91067.68;87609.82;22/05/2021;22:18:09
171;171;1;24;PF;04/03/2022;16:24:00;68520.06;66507.14;30/12/2022;00:00:01
291;291;1;24;PF;26/02/2012;12:34:00;40641.12;41016.20;08/12/2022;08:47:13
481;481;1;24;PF;14/04/2020;16:19:00;86.28;74.53;20/11/2022;16:50:25
564;564;1;24;PF;20/05/2015;11:34:00;20584.69;19955.30;18/07/2017;11:54:24
584;584;1;24;PF;07/11/2014;11:59:00;1658.17;1592.70;27/08/2019;12:10:09
635;635;1;24;PF;12/09/2022;15:38:00;1534.56;1252.55;30/12/2022;00:00:00
116;116;1;30;PF;17/10/2014;13:19:00;20992.18;20458.98;12/08/2022;12:32:52
153;153;1;30;PF;12/09/2014;16:45:00;14581.90;14679.19;05/05/2019;14:56:38
176;176;1;30;PF;20/04/2019;14:06:00;14244.93;12934.41;19/12/2020;13:15:50
199;199;1;30;PF;10/01/2019;12:24:00;92338.31;94200.58;29/12/2022;23:37:56
207;207;1;30;PF;24/06/2022;16:07:00;13029.24;52.13;30/12/2022;00:00:01
275;275;1;30;PF;02/05/2020;12:18:00;51431.95;52418.24;30/12/2022;00:00:00
361;361;1;30;PF;08/01/2018;14:30:00;16828.83;17483.74;28/09/2022;23:25:00
701;701;1;30;PF;24/02/2013;10:46:00;53.50;37.57;30/03/2020;08:05:11
808;808;1;30;PF;08/08/2013;14:43:00;33978.83;32308.15;21/04/2022;18:11:48
910;910;1;30;PF;03/11/2011;16:42:00;38140.18;38894.44;01/11/2018;23:32:33
290;290;1;31;PF;19/02/2016;12:30:00;10809.29;8075.48;29/12/2022;00:00:00
451;451;1;31;PF;25/08/2011;11:33:00;14880.73;15408.80;31/08/2013;23:35:07
557;557;1;31;PF;09/12/2017;12:29:00;2841.34;2543.82;29/12/2022;23:56:57
617;617;1;31;PF;17/02/2016;11:37:00;28163.42;28107.84;26/10/2017;19:24:41
632;632;1;31;PF;25/07/2017;16:41:00;15022.80;14852.30;29/12/2022;00:00:00
740;740;1;31;PF;12/11/2019;12:14:00;788.60;697.98;29/12/2022;23:50:54
134;134;1;34;PF;11/06/2013;11:41:00;19285.30;19263.65;15/06/2017;07:46:25
410;410;1;34;PF;22/04/2019;13:24:00;2612.79;2608.29;30/12/2022;00:00:01
429;429;1;34;PF;28/05/2015;15:38:00;7184.02;5418.26;30/12/2022;00:00:00
496;496;1;34;PF;27/02/2020;12:50:00;18.42;78.95;30/12/2022;00:00:01
631;631;1;34;PF;10/12/2010;15:06:00;21223.45;22164.99;25/05/2014;15:37:54
878;878;1;34;PF;16/05/2012;14:13:00;32869.20;34449.17;13/05/2021;20:48:23
6;6;1;42;PF;09/03/2010;12:09:00;14236.27;13407.48;02/10/2016;22:42:28
620;620;1;42;PF;21/06/2010;16:42:00;29814.95;28876.55;29/01/2014;19:49:43
714;714;1;42;PF;18/06/2015;11:20:00;48216.74;43787.36;12/07/2020;04:06:16
877;877;1;42;PF;11/02/2013;11:31:00;125716.28;126887.95;21/05/2019;20:49:47
286;286;1;58;PF;12/07/2021;12:27:00;3985.90;2427.58;29/12/2022;23:52:25
559;559;1;58;PF;05/02/2011;14:40:00;31372.24;29533.51;30/12/2022;00:00:00
911;911;1;58;PF;22/09/2011;12:17:00;3545.66;3563.20;29/12/2022;00:00:00
40;40;1;62;PF;14/04/2015;14:50:00;461.35;164.31;29/12/2022;23:59:59
90;90;1;62;PF;15/05/2014;13:06:00;109727.88;99717.27;25/12/2015;21:14:30
93;93;1;62;PF;27/10/2021;11:09:00;354.41;270.18;29/12/2022;23:59:59
147;147;1;62;PF;14/08/2014;14:32:00;42405.95;41516.75;13/11/2015;17:37:41
486;486;1;62;PF;23/04/2015;13:18:00;197.36;155.72;29/12/2022;22:47:31
501;501;1;62;PF;20/06/2018;14:51:00;232815.79;211636.04;30/12/2022;00:00:00
670;670;1;62;PF;25/10/2022;14:11:00;42711.76;41331.12;30/12/2022;00:00:01
735;735;1;62;PF;03/12/2012;13:05:00;72474.23;67091.37;25/04/2021;23:19:48
805;805;1;62;PF;08/05/2011;14:35:00;4438.54;4510.78;30/12/2022;00:00:01
19;19;1;67;PF;05/10/2019;13:24:00;2615.32;2364.85;29/12/2022;23:59:59
106;106;1;67;PF;14/08/2010;15:55:00;68269.51;71851.76;28/09/2020;20:33:20
146;146;1;67;PF;27/06/2010;10:33:00;10975.19;11304.70;23/03/2014;07:15:00
154;154;1;67;PF;14/10/2013;11:46:00;81928.25;78745.64;10/05/2018;18:30:26
198;198;1;67;PF;09/09/2016;11:33:00;7893.02;7802.34;29/12/2022;22:42:22
200;200;1;67;PF;17/05/2015;10:24:00;3503.06;2941.50;26/12/2022;07:35:44
260;260;1;67;PF;22/10/2013;14:33:00;23435.39;22294.71;06/06/2022;17:43:44
347;347;1;67;PF;03/02/2011;16:40:00;83141.24;87482.30;01/05/2015;04:58:44
357;357;1;67;PF;12/07/2021;15:17:00;71.39;21.40;30/12/2022;00:00:01
497;497;1;67;PF;25/10/2021;16:18:00;44788.25;45546.60;29/12/2022;23:59:59
598;598;1;67;PF;09/02/2015;13:15:00;6940.73;6722.36;30/12/2022;00:00:01
715;715;1;67;PF;20/12/2018;16:17:00;27057.15;23267.77;30/12/2022;00:00:00
925;925;1;67;PF;10/07/2014;14:52:00;7854.30;7813.65;29/12/2022;22:10:15
68;68;1;72;PF;11/08/2019;11:02:00;66.69;54.72;29/12/2022;00:00:00
195;195;1;72;PF;08/03/2011;13:26:00;28846.58;27711.57;03/04/2015;11:22:27
280;280;1;72;PF;20/04/2017;14:07:00;14666.52;13614.04;20/09/2022;20:09:54
284;284;1;72;PF;18/02/2020;13:51:00;42994.12;43554.03;29/12/2022;22:10:49
604;604;1;72;PF;20/03/2022;16:32:00;66821.99;68837.85;29/12/2022;23:59:59
697;697;1;72;PF;24/01/2013;12:46:00;1323.40;1185.81;14/09/2016;12:33:25
831;831;1;72;PF;22/01/2016;11:28:00;32572.58;31390.16;29/12/2022;23:57:40
141;141;1;77;PF;10/05/2012;13:49:00;8239.80;8311.67;25/02/2015;00:30:47
208;208;1;77;PF;12/05/2013;13:48:00;99593.47;101572.38;29/07/2016;15:49:35
382;382;1;77;PF;02/02/2010;14:28:00;6992.42;6935.26;22/02/2017;12:18:12
431;431;1;77;PF;20/11/2013;11:12:00;31323.33;31597.66;02/04/2019;12:38:44
574;574;1;77;PF;05/03/2014;16:10:00;11612.55;10535.63;03/07/2022;23:00:19
684;684;1;77;PF;14/03/2020;11:55:00;14568.50;14689.17;30/12/2022;00:00:00
717;717;1;77;PF;21/02/2015;12:48:00;30082.00;29273.68;21/02/2020;02:00:45
892;892;1;77;PF;05/08/2015;12:19:00;8397.36;7660.12;25/05/2019;15:09:19
145;145;1;79;PF;03/03/2011;13:41:00;69766.79;65137.83;03/10/2020;14:06:51
152;152;1;79;PF;01/07/2017;14:56:00;68.44;16.22;29/12/2022;23:59:59
258;258;1;79;PF;21/08/2011;14:49:00;14823.21;14252.92;06/05/2022;12:23:37
293;293;1;79;PF;14/10/2018;12:48:00;34326.80;33578.19;29/10/2022;02:01:59
473;473;1;79;PF;02/01/2016;10:15:00;50851.23;49224.08;04/10/2020;09:33:03
567;567;1;79;PF;16/05/2011;10:17:00;31479.60;29103.95;15/09/2015;11:33:09
758;758;1;79;PF;25/12/2014;13:17:00;62228.87;56551.49;19/09/2019;03:25:22
875;875;1;79;PF;18/01/2015;15:07:00;33365.15;30866.63;29/12/2022;23:55:10
989;989;1;79;PF;25/11/2021;14:47:00;754.61;577.40;29/12/2022;23:59:55
119;119;1;83;PF;14/01/2020;10:20:00;27043.28;26165.99;26/10/2022;06:36:27
186;186;1;83;PF;21/02/2022;15:05:00;164.71;134.20;30/12/2022;00:00:01
231;231;1;83;PF;25/06/2012;11:43:00;52989.00;49969.30;09/02/2017;11:55:11
232;232;1;83;PF;27/11/2013;16:57:00;117243.30;110336.89;24/07/2020;08:10:00
243;243;1;83;PF;01/04/2017;14:23:00;15640.93;16447.33;24/10/2022;13:33:00
331;331;1;83;PF;22/09/2012;16:29:00;15569.42;15030.97;29/12/2022;23:59:59
602;602;1;83;PF;24/10/2018;13:07:00;10115.97;9667.71;19/02/2021;04:34:16
671;671;1;83;PF;09/08/2021;16:15:00;8075.95;7551.61;30/12/2022;00:00:01
804;804;1;83;PF;06/12/2011;13:00:00;58103.96;56919.71;04/11/2016;11:52:28
927;927;1;83;PF;15/08/2011;14:48:00;34239.26;33034.49;06/02/2013;13:38:57
938;938;1;83;PF;12/12/2016;12:27:00;167.21;116.36;29/12/2022;23:59:59
42;42;2;12;PF;12/04/2013;12:10:00;27615.72;27609.02;19/01/2022;04:26:03
185;185;2;12;PF;23/03/2011;14:06:00;403.05;393.62;04/03/2021;19:53:30
415;415;2;12;PF;09/06/2015;14:03:00;66837.71;64200.64;30/12/2022;00:00:00
504;504;2;12;PF;22/04/2015;14:18:00;45917.36;46241.17;29/12/2022;22:39:57
548;548;2;12;PF;24/05/2021;12:19:00;51462.00;47060.44;29/12/2022;23:59:59
23;23;2;15;PF;06/12/2012;10:38:00;19605.44;19299.27;29/12/2022;23:58:10
55;55;2;15;PF;10/11/2016;14:25:00;353.76;322.26;30/12/2022;00:00:00
85;85;2;15;PF;04/10/2010;13:19:00;55114.87;10769.58;11/12/2022;09:49:24
138;138;2;15;PF;06/04/2018;10:08:00;230.13;116.05;29/12/2022;23:59:59
188;188;2;15;PF;12/11/2022;14:02:00;10111.06;9159.69;30/12/2022;00:00:00
432;432;2;15;PF;27/04/2011;12:38:00;122319.38;115048.84;29/12/2022;23:59:59
455;455;2;15;PF;24/08/2017;10:26:00;1440.95;1268.50;08/11/2020;17:27:02
517;517;2;15;PF;11/12/2020;15:57:00;62271.82;64049.89;29/12/2022;00:00:00
545;545;2;15;PF;16/12/2019;10:22:00;20510.22;20524.46;29/12/2022;00:00:00
621;621;2;15;PF;11/03/2015;11:29:00;52509.98;52048.08;12/10/2022;01:15:42
762;762;2;15;PF;15/09/2022;14:36:00;28104.60;27974.60;29/12/2022;00:00:00
168;168;2;22;PF;20/12/2012;16:11:00;35959.30;37827.96;06/07/2022;14:23:09
456;456;2;22;PF;12/02/2014;15:54:00;25.76;12.04;04/04/2022;19:19:19
505;505;2;22;PF;27/07/2013;13:47:00;209128.93;191520.60;19/10/2022;20:01:15
566;566;2;22;PF;11/11/2013;12:53:00;5737.69;5160.79;26/03/2018;15:13:17
666;666;2;22;PF;27/07/2015;15:03:00;47389.75;48308.97;25/02/2020;11:30:30
750;750;2;22;PF;05/05/2012;11:32:00;3848.69;3727.02;25/12/2022;16:58:54
768;768;2;22;PF;22/04/2019;14:34:00;44919.13;42951.12;29/12/2022;23:55:59
14;14;2;28;PF;26/08/2014;14:14:00;3923.41;3491.48;30/12/2022;00:00:01
45;45;2;28;PF;19/10/2015;14:51:00;15400.83;13450.80;10/06/2021;00:38:31
221;221;2;28;PF;16/08/2016;13:42:00;2058.98;2677.19;28/12/2022;18:28:44
534;534;2;28;PF;25/01/2015;16:56:00;32217.00;33477.58;29/12/2022;22:53:27
799;799;2;28;PF;24/05/2021;11:29:00;128.33;7.34;30/12/2022;00:00:00
841;841;2;28;PF;16/04/2020;16:11:00;35333.46;36788.90;28/12/2022;23:54:25
896;896;2;28;PF;19/06/2018;14:13:00;36968.31;39530.31;29/12/2022;23:59:59
915;915;2;28;PF;25/12/2018;12:03:00;12410.46;12940.12;01/10/2022;08:38:58
945;945;2;28;PF;10/05/2016;13:56:00;48981.15;49096.21;03/12/2022;14:04:20
435;435;2;46;PF;02/02/2011;11:14:00;41480.04;40881.44;30/06/2019;20:38:23
616;616;2;46;PF;04/08/2017;10:47:00;16991.02;15969.62;29/12/2022;00:00:00
661;661;2;46;PF;11/09/2013;13:40:00;19.33;5.35;29/12/2022;23:59:56
664;664;2;46;PF;12/11/2017;15:21:00;17796.98;17333.02;30/12/2022;00:00:01
667;667;2;46;PF;06/03/2022;15:06:00;987.98;760.39;30/12/2022;00:00:00
766;766;2;46;PF;07/09/2014;13:15:00;271.74;334.31;29/12/2022;00:00:00
821;821;2;46;PF;12/03/2012;12:31:00;38099.70;37024.01;26/02/2016;14:02:42
36;36;2;56;PF;17/02/2012;15:58:00;41929.75;40313.21;29/12/2022;23:59:54
46;46;2;56;PF;04/06/2011;11:10:00;47538.62;151644.40;08/09/2016;06:26:30
277;277;2;56;PF;09/06/2013;12:38:00;1408.38;1263.39;07/10/2017;06:48:39
375;375;2;56;PF;22/06/2019;15:56:00;13593.81;12657.90;29/12/2022;23:59:59
495;495;2;56;PF;02/07/2015;11:07:00;29290.94;28153.49;30/12/2022;00:00:01
539;539;2;56;PF;21/04/2011;10:58:00;17405.56;16455.88;25/09/2015;11:33:15
744;744;2;56;PF;21/03/2012;11:46:00;4711.03;5493.63;01/10/2021;18:38:52
774;774;2;56;PF;11/07/2018;14:52:00;206361.40;196440.97;29/12/2022;23:56:56
903;903;2;56;PF;16/08/2020;11:05:00;83936.28;84439.77;13/03/2022;19:41:29
930;930;2;56;PF;03/04/2018;11:06:00;16311.09;8241.09;18/12/2022;12:54:26
62;62;2;57;PF;02/12/2010;12:14:00;6662.32;6390.18;28/06/2020;21:08:18
73;73;2;57;PF;21/06/2012;14:25:00;2612.72;2439.85;21/05/2017;09:14:01
94;94;2;57;PF;09/09/2011;15:00:00;34545.96;33166.61;30/12/2022;00:00:00
175;175;2;57;PF;17/12/2015;14:44:00;1931.37;1744.86;18/05/2018;21:30:15
333;333;2;57;PF;03/12/2019;13:34:00;398.66;263.32;29/12/2022;00:00:00
677;677;2;57;PF;15/01/2018;11:14:00;39346.53;38525.41;12/07/2022;17:02:07
760;760;2;57;PF;27/04/2013;10:08:00;20116.40;20875.57;05/06/2015;12:29:59
801;801;2;57;PF;27/09/2019;15:29:00;34040.21;34583.48;29/12/2022;23:59:59
905;905;2;57;PF;04/03/2013;12:38:00;18219.17;17267.95;05/08/2016;23:19:11
990;990;2;57;PF;23/01/2020;16:28:00;6317.25;6536.31;25/09/2021;07:50:51
26;26;2;63;PF;12/08/2012;16:34:00;10388.78;10032.94;13/02/2021;04:38:56
51;51;2;63;PF;18/01/2022;14:52:00;330.55;305.04;29/12/2022;23:59:59
140;140;2;63;PF;10/02/2015;13:47:00;140807.68;117253.54;29/12/2022;23:59:59
235;235;2;63;PF;01/06/2018;13:05:00;114315.51;109905.99;09/09/2021;05:16:59
383;383;2;63;PF;24/01/2017;13:00:00;38945.74;40234.88;24/06/2018;03:58:10
633;633;2;63;PF;08/05/2011;13:51:00;16.80;0.60;30/08/2018;03:58:32
4;4;2;65;PF;06/04/2017;12:28:00;184007.86;170283.25;12/11/2022;11:50:05
27;27;2;65;PF;10/05/2022;12:29:00;263.73;228.68;30/12/2022;00:00:01
95;95;2;65;PF;22/09/2021;15:00:00;176.31;253.21;29/12/2022;00:00:00
11;11;2;69;PF;12/11/2010;16:37:00;8749.81;8414.48;29/12/2022;23:59:56
177;177;2;69;PF;15/10/2022;16:31:00;12129.61;12439.49;29/12/2022;00:00:00
244;244;2;69;PF;20/04/2012;13:36:00;22751.99;22071.15;24/12/2022;02:19:53
251;251;2;69;PF;11/07/2013;14:28:00;8907.74;8346.63;05/09/2021;04:36:19
468;468;2;69;PF;27/08/2021;13:19:00;10007.90;10124.27;30/12/2022;00:00:00
533;533;2;69;PF;09/08/2021;12:39:00;26541.77;24783.65;29/12/2022;00:00:00
759;759;2;69;PF;02/01/2022;14:41:00;937.58;1702.40;29/12/2022;23:59:59
919;919;2;69;PF;18/10/2014;12:17:00;11549.64;11770.39;03/09/2018;14:38:01
972;972;2;69;PF;10/08/2010;15:41:00;18882.36;17130.82;08/05/2022;01:59:15
166;166;2;70;PF;21/11/2014;15:42:00;124745.70;122476.89;20/01/2021;11:41:39
222;222;2;70;PF;11/05/2014;10:03:00;10214.64;10068.50;30/07/2017;00:08:27
642;642;2;70;PF;26/06/2019;12:58:00;14609.90;14856.86;29/12/2022;23:59:59
655;655;2;70;PF;11/02/2016;14:22:00;74550.79;70325.65;15/05/2020;16:28:49
699;699;2;70;PF;22/03/2011;14:49:00;24351.57;22299.44;29/12/2022;23:59:59
700;700;2;70;PF;06/12/2017;16:13:00;24760.97;25235.92;30/12/2022;00:00:00
510;510;2;81;PF;16/03/2012;13:03:00;23050.59;20939.23;29/12/2022;23:59:59
640;640;2;81;PF;11/06/2020;14:58:00;151.11;61.30;29/12/2022;00:00:00
668;668;2;81;PF;03/03/2015;12:16:00;2967.72;918.58;30/12/2022;00:00:01
879;879;2;81;PF;12/07/2013;10:44:00;238990.88;231759.98;11/09/2019;05:47:27
891;891;2;81;PF;20/02/2012;13:42:00;5171.98;5112.55;12/08/2018;08:36:11
913;913;2;81;PF;08/10/2021;14:19:00;297.75;128.35;30/12/2022;00:00:00
75;75;2;96;PF;12/06/2011;13:50:00;43845.30;44058.34;08/10/2022;06:10:17
201;201;2;96;PF;12/11/2021;16:43:00;20524.26;19820.47;30/12/2022;00:00:00
323;323;2;96;PF;14/06/2015;16:51:00;3914.17;3800.27;30/12/2022;00:00:01
372;372;2;96;PF;27/11/2013;13:03:00;25957.56;24630.60;25/10/2019;08:58:32
425;425;2;96;PF;22/01/2021;13:13:00;773.54;29312.93;29/12/2022;00:00:00
547;547;2;96;PF;04/04/2013;15:11:00;24560.00;45922.63;29/01/2018;23:27:08
623;623;2;96;PF;12/06/2018;11:47:00;274.86;195.38;04/11/2021;05:58:29
659;659;2;96;PF;22/09/2011;14:33:00;43301.92;40067.48;04/10/2019;10:28:51
797;797;2;96;PF;21/10/2018;14:14:00;66.32;40.06;30/12/2022;00:00:01
826;826;2;96;PF;16/07/2017;10:31:00;3343.12;3376.43;18/08/2019;17:54:24
890;890;2;96;PF;11/12/2013;14:23:00;91.91;34.61;19/09/2022;07:33:48
998;998;2;96;PF;07/11/2013;13:05:00;12110.95;47398.84;24/07/2016;12:03:50
135;135;3;4;PF;03/07/2016;12:30:00;7367.60;7665.52;27/11/2020;11:01:16
189;189;3;4;PF;16/09/2021;11:47:00;3657.94;2875.48;29/12/2022;23:47:10
656;656;3;4;PF;20/02/2019;12:24:00;30350.78;30770.78;18/05/2021;04:02:16
814;814;3;4;PF;09/09/2014;14:55:00;20261.34;19025.32;10/09/2018;03:08:32
876;876;3;4;PF;17/04/2019;11:01:00;5137.50;5069.37;29/12/2022;00:00:00
895;895;3;4;PF;15/08/2022;11:35:00;3191.86;3020.27;30/12/2022;00:00:01
963;963;3;4;PF;13/06/2022;15:07:00;6909.48;6250.55;29/12/2022;23:59:59
70;70;3;27;PF;18/02/2021;15:23:00;108.51;28940.35;30/12/2022;00:00:00
229;229;3;27;PF;20/01/2013;11:26:00;15665.47;15511.60;13/11/2016;19:53:00
368;368;3;27;PF;03/03/2016;13:31:00;12017.39;12075.63;29/12/2022;23:59:59
376;376;3;27;PF;07/04/2012;15:08:00;11668.15;10745.11;30/09/2022;08:42:18
721;721;3;27;PF;17/07/2022;14:30:00;1729.32;1623.71;29/12/2022;23:59:59
845;845;3;27;PF;16/12/2020;15:14:00;904.80;477.95;30/12/2022;00:00:01
897;897;3;27;PF;07/12/2016;11:46:00;208.51;156.15;29/12/2022;00:00:00
21;21;3;37;PF;10/07/2016;12:29:00;7250.57;6957.31;24/11/2022;19:30:54
129;129;3;37;PF;08/01/2013;15:31:00;40602.26;38336.69;09/04/2020;07:00:43
212;212;3;37;PF;09/04/2021;15:40:00;26933.38;26472.64;29/12/2022;23:59:59
420;420;3;37;PF;24/01/2013;10:10:00;10852.62;11170.85;22/05/2017;20:51:50
608;608;3;37;PF;20/09/2014;11:49:00;28555.18;28544.94;14/12/2019;17:57:10
767;767;3;37;PF;06/12/2019;15:52:00;77102.73;74114.26;18/12/2022;14:40:10
850;850;3;37;PF;22/07/2013;14:42:00;117660.80;107914.04;05/08/2018;01:57:43
173;173;3;41;PF;12/05/2021;14:45:00;87.44;536.72;29/12/2022;23:59:59
525;525;3;41;PF;03/05/2012;13:10:00;22773.81;20567.89;21/10/2017;07:21:47
576;576;3;41;PF;26/12/2015;13:07:00;1618.48;1368.46;12/04/2021;00:08:06
582;582;3;41;PF;21/02/2013;11:58:00;36087.81;37148.30;30/12/2022;00:00:00
603;603;3;41;PF;20/04/2018;10:44:00;4323.15;4352.13;29/12/2022;15:20:07
689;689;3;41;PF;15/04/2014;11:08:00;37557.59;34398.15;29/12/2022;22:51:57
861;861;3;41;PF;15/07/2018;11:31:00;3621.64;3264.96;26/09/2022;16:33:15
104;104;3;45;PF;04/01/2018;12:09:00;10225.38;10009.55;30/12/2022;00:00:01
179;179;3;45;PF;15/01/2019;11:29:00;67454.05;66086.48;29/12/2022;00:00:00
364;364;3;45;PF;07/09/2013;14:06:00;19006.90;19977.87;24/02/2019;05:44:55
371;371;3;45;PF;04/12/2012;12:48:00;35852.78;32782.46;29/12/2022;23:58:41
535;535;3;45;PF;06/09/2014;13:52:00;35.27;24.18;06/09/2021;18:08:48
800;800;3;45;PF;25/02/2015;15:05:00;45523.67;46356.45;30/12/2022;00:00:00
840;840;3;45;PF;05/02/2013;11:08:00;18951.81;19926.05;29/12/2022;00:00:00
966;966;3;45;PF;05/11/2013;15:33:00;15348.31;15243.72;29/12/2022;08:21:46
71;71;3;47;PF;14/12/2013;13:59:00;16164.54;14842.35;04/12/2019;03:28:17
162;162;3;47;PF;15/11/2012;11:37:00;22674.02;22376.76;24/11/2016;10:37:37
238;238;3;47;PF;08/03/2019;16:08:00;786.88;783.20;29/12/2022;23:59:59
374;374;3;47;PF;28/07/2013;11:52:00;71434.55;69922.48;04/03/2021;21:21:16
430;430;3;47;PF;16/08/2013;11:02:00;1546.67;1451.68;11/03/2019;04:35:56
752;752;3;47;PF;28/10/2017;15:26:00;657.92;538.65;29/12/2022;23:59:59
778;778;3;47;PF;21/12/2018;14:46:00;4988.43;5373.21;29/12/2022;00:00:00
832;832;3;47;PF;25/12/2012;15:27:00;56012.79;51659.17;23/09/2019;22:31:07
863;863;3;47;PF;26/11/2015;12:41:00;118.81;56.56;23/09/2018;21:05:00
3;3;3;49;PF;05/01/2013;13:13:00;25244.49;24079.04;14/08/2022;20:51:30
155;155;3;49;PF;22/08/2013;13:27:00;57577.01;57526.38;21/09/2018;22:25:28
523;523;3;49;PF;18/03/2013;10:44:00;16025.31;14722.03;04/06/2015;18:42:29
765;765;3;49;PF;27/05/2019;12:48:00;291.08;200.49;29/12/2022;23:59:59
846;846;3;49;PF;12/10/2013;10:33:00;143847.09;130458.18;30/12/2022;00:00:00
881;881;3;49;PF;23/12/2019;15:28:00;5707.79;5466.55;29/12/2022;23:57:20
886;886;3;49;PF;26/04/2014;15:43:00;3586.69;3645.79;02/03/2019;04:00:38
909;909;3;74;PF;04/01/2019;13:26:00;64506.15;67700.81;25/11/2022;11:40:32
56;56;3;78;PF;21/09/2022;14:40:00;149048.22;139067.40;29/12/2022;23:59:59
269;269;3;78;PF;05/01/2013;13:51:00;15245.68;14424.13;26/06/2020;14:50:37
325;325;3;78;PF;14/04/2014;15:34:00;23586.85;24763.26;18/06/2017;05:59:33
480;480;3;78;PF;09/12/2012;11:58:00;104.98;11.27;03/11/2022;15:02:20
507;507;3;78;PF;20/04/2015;11:35:00;296.15;254.43;24/09/2021;11:34:05
599;599;3;78;PF;11/01/2020;14:52:00;161.94;139.21;27/12/2022;05:16:01
898;898;3;78;PF;25/02/2013;15:54:00;79839.16;79023.89;09/03/2018;02:47:00
914;914;3;78;PF;11/11/2017;11:08:00;675.83;650.86;26/12/2022;03:19:05
43;43;3;88;PF;03/09/2016;15:08:00;43388.05;39429.83;29/12/2022;23:59:59
80;80;3;88;PF;23/04/2015;15:08:00;28432.93;29330.00;29/12/2022;23:58:24
205;205;3;88;PF;15/01/2016;11:42:00;28440.02;26009.76;23/08/2022;17:11:54
373;373;3;88;PF;19/07/2013;15:18:00;47371.69;48268.47;07/11/2016;23:16:26
419;419;3;88;PF;01/05/2013;15:18:00;1444.26;1153.85;30/12/2022;00:00:01
115;115;3;98;PF;16/01/2013;15:15:00;6.47;82556.41;14/08/2016;00:37:46
193;193;3;98;PF;24/06/2014;14:39:00;9466.42;9226.57;29/12/2022;00:00:00
248;248;3;98;PF;13/06/2019;11:34:00;919.25;871.17;07/08/2022;17:26:08
298;298;3;98;PF;21/04/2012;15:53:00;106461.80;99486.45;06/04/2019;04:06:26
408;408;3;98;PF;15/10/2021;10:47:00;9193.06;8497.31;30/12/2022;00:00:01
416;416;3;98;PF;18/12/2022;13:37:00;35643.51;34907.80;01/01/2023;20:22:28
592;592;3;98;PF;28/10/2014;14:46:00;493.41;427.08;06/12/2022;18:19:31
866;866;3;98;PF;22/06/2019;13:36:00;4.34;624.82;30/12/2022;00:00:00
906;906;3;98;PF;25/11/2012;14:07:00;25095.49;25725.94;29/12/2022;23:59:59
960;960;3;98;PF;05/07/2014;13:14:00;78171.21;77835.11;10/01/2020;00:14:06
9;9;4;3;PF;08/12/2022;11:21:00;81101.63;75739.07;30/12/2022;16:23:14
39;39;4;3;PF;25/04/2022;15:35:00;12353.21;12760.23;29/12/2022;23:59:59
460;460;4;3;PF;04/03/2014;10:43:00;4130.98;2982.80;24/12/2022;04:32:38
571;571;4;3;PF;18/01/2018;14:36:00;469.75;316.68;30/12/2022;00:00:00
580;580;4;3;PF;04/05/2014;13:13:00;17823.12;17114.17;29/12/2022;00:00:00
727;727;4;3;PF;10/08/2020;12:55:00;2660.26;1976.68;08/06/2022;10:09:04
780;780;4;3;PF;05/02/2018;11:35:00;2476.53;2414.31;20/02/2022;07:42:18
813;813;4;3;PF;28/08/2020;11:27:00;410.84;202.07;30/12/2022;00:00:00
848;848;4;3;PF;14/10/2022;14:02:00;6.09;26.09;29/12/2022;00:00:00
924;924;4;3;PF;20/10/2021;15:55:00;26185.64;23748.10;29/12/2022;23:59:14
943;943;4;3;PF;07/09/2017;15:09:00;35595.45;32521.38;30/12/2022;00:00:01
5;5;4;32;PF;14/01/2015;11:53:00;137649.19;120169.19;24/07/2018;03:18:52
49;49;4;32;PF;05/05/2021;12:58:00;349.16;97.49;29/12/2022;23:59:59
148;148;4;32;PF;22/02/2016;11:31:00;6451.98;5824.07;28/12/2022;19:44:36
187;187;4;32;PF;08/03/2022;15:48:00;8302.29;7893.98;29/12/2022;00:00:00
250;250;4;32;PF;08/12/2018;13:43:00;8020.77;9242.54;29/12/2022;00:00:00
279;279;4;32;PF;09/04/2018;11:15:00;21046.98;21497.92;29/12/2022;00:00:00
356;356;4;32;PF;13/01/2014;11:30:00;44776.38;40667.30;01/06/2022;14:56:38
444;444;4;32;PF;20/11/2022;16:56:00;3825.86;3737.08;30/12/2022;00:00:01
467;467;4;32;PF;26/02/2018;12:52:00;32232.68;32091.99;29/12/2022;23:59:59
615;615;4;32;PF;11/06/2021;16:02:00;98888.47;90717.11;30/12/2022;00:00:00
638;638;4;32;PF;05/07/2018;11:41:00;314.00;19.70;29/12/2022;23:59:59
705;705;4;32;PF;24/07/2015;13:19:00;7272.48;7395.50;21/05/2019;05:28:33
749;749;4;32;PF;23/08/2018;12:31:00;45291.67;43485.14;18/05/2021;15:03:23
781;781;4;32;PF;23/09/2014;11:27:00;337.70;78.42;26/07/2022;15:01:24
828;828;4;32;PF;25/12/2021;12:52:00;10753.21;10954.17;30/12/2022;00:00:00
830;830;4;32;PF;11/01/2018;14:07:00;20823.54;19957.63;29/12/2022;16:43:16
834;834;4;32;PF;25/03/2015;14:02:00;241.17;179.65;31/08/2018;03:04:19
923;923;4;32;PF;05/05/2021;13:11:00;21432.62;21785.72;29/12/2022;23:59:59
988;988;4;32;PF;22/02/2021;14:02:00;2195.14;2052.75;28/12/2022;21:18:58
57;57;4;61;PF;04/05/2017;16:51:00;698.57;619.98;29/12/2022;23:58:01
60;60;4;61;PF;28/11/2017;14:52:00;3646.37;3704.51;17/02/2022;17:18:46
161;161;4;61;PF;17/08/2015;15:19:00;7354.64;6742.02;24/10/2021;13:08:04
230;230;4;61;PF;22/12/2020;16:37:00;8796.05;8269.42;30/12/2022;00:00:00
252;252;4;61;PF;18/07/2019;12:56:00;269.71;237.12;17/06/2021;13:59:18
322;322;4;61;PF;27/06/2014;15:40:00;48224.93;48608.93;24/02/2019;23:20:51
350;350;4;61;PF;15/11/2018;15:42:00;65716.30;66372.28;30/12/2022;00:00:00
541;541;4;61;PF;25/04/2019;13:04:00;80038.67;82151.29;29/12/2022;18:39:24
568;568;4;61;PF;22/08/2020;15:21:00;78357.28;74084.74;29/12/2022;23:59:59
575;575;4;61;PF;27/07/2015;11:15:00;80964.10;79474.92;23/06/2022;07:35:02
852;852;4;61;PF;01/07/2015;16:05:00;41988.59;42369.58;28/09/2016;15:36:43
970;970;4;61;PF;07/01/2021;15:42:00;34423.44;32777.22;29/12/2022;09:00:54
164;164;4;73;PF;08/09/2014;12:52:00;6258.36;6164.68;21/05/2020;03:00:44
233;233;4;73;PF;02/12/2014;14:14:00;30.06;9.76;09/04/2019;01:26:15
259;259;4;73;PF;12/10/2019;12:17:00;143.99;102.77;29/12/2022;00:00:00
304;304;4;73;PF;04/07/2019;11:12:00;47188.65;44492.25;07/03/2021;13:57:27
346;346;4;73;PF;02/03/2019;11:07:00;72228.95;66842.31;21/06/2022;22:38:31
363;363;4;73;PF;03/05/2022;11:19:00;5784.43;4613.95;29/12/2022;00:00:00
366;366;4;73;PF;06/06/2014;15:19:00;18102.16;18358.39;29/12/2022;00:00:00
390;390;4;73;PF;17/08/2018;15:11:00;245.62;301.42;20/12/2022;16:53:47
448;448;4;73;PF;18/12/2019;13:11:00;108585.12;108046.82;30/12/2022;00:00:00
515;515;4;73;PF;17/04/2014;15:32:00;127.81;101.63;30/12/2022;00:00:01
614;614;4;73;PF;16/04/2014;13:23:00;17250.89;17057.35;11/10/2018;13:45:20
624;624;4;73;PF;03/08/2015;16:55:00;6263.42;5759.04;09/04/2022;16:15:28
703;703;4;73;PF;04/03/2015;13:12:00;13916.08;14255.22;08/04/2020;17:50:08
723;723;4;73;PF;02/12/2013;14:38:00;29617.02;27618.22;17/08/2019;03:45:19
753;753;4;73;PF;04/07/2017;15:05:00;13400.35;13211.55;08/09/2022;08:44:46
776;776;4;73;PF;14/03/2021;15:58:00;117.60;76.58;29/12/2022;23:59:59
798;798;4;73;PF;21/11/2015;10:49:00;539.24;509.95;29/12/2022;23:56:27
838;838;4;73;PF;15/11/2013;16:17:00;20058.30;19265.34;08/05/2021;07:11:47
899;899;4;73;PF;17/10/2021;13:00:00;8539.37;8294.29;29/12/2022;23:59:59
934;934;4;73;PF;25/08/2017;16:02:00;4177.67;3450.27;29/12/2022;23:59:59
940;940;4;73;PF;25/10/2016;11:53:00;7979.81;8178.80;29/12/2022;23:55:32
974;974;4;73;PF;18/07/2014;15:15:00;1633.75;1166.87;23/11/2016;20:48:56
993;993;4;73;PF;07/10/2017;11:40:00;6775.41;6150.55;17/11/2021;01:08:31
102;102;5;5;PF;28/02/2015;16:28:00;15506.31;14875.64;29/12/2022;00:00:00
158;158;5;5;PF;22/10/2018;15:47:00;102.45;60.28;07/02/2022;05:58:52
312;312;5;5;PF;12/07/2022;16:34:00;2990.55;2843.45;29/12/2022;23:59:59
532;532;5;5;PF;13/07/2021;14:56:00;49694.78;49628.38;30/12/2022;00:00:00
747;747;5;5;PF;18/11/2022;14:04:00;505.39;507.20;29/12/2022;00:00:00
180;180;5;9;PF;21/07/2022;12:36:00;3046.32;3004.33;29/12/2022;00:00:00
215;215;5;9;PF;10/04/2020;14:14:00;45569.01;44209.51;29/12/2022;23:59:59
413;413;5;9;PF;20/05/2014;11:41:00;12999.93;13377.54;29/12/2022;23:10:57
600;600;5;9;PF;10/01/2021;15:35:00;2724.05;2350.11;29/12/2022;00:00:00
980;980;5;9;PF;27/07/2022;11:26:00;5490.92;5758.24;30/12/2022;00:00:00
1;1;5;10;PF;08/07/2014;16:25:00;22473.87;22538.06;08/11/2022;13:22:46
223;223;5;10;PF;17/12/2022;16:43:00;30.26;12.23;29/12/2022;23:59:59
476;476;5;10;PF;26/05/2018;15:11:00;37413.60;34814.88;23/02/2021;06:10:46
630;630;5;10;PF;02/07/2014;12:56:00;799.29;698.33;03/12/2022;10:49:57
833;833;5;10;PF;17/07/2014;12:29:00;16409.37;15424.99;23/03/2021;03:37:51
157;157;5;21;PF;20/08/2017;12:13:00;183979.04;172773.53;27/12/2022;08:19:50
326;326;5;21;PF;27/01/2018;14:50:00;35921.45;1284.29;02/09/2022;11:18:09
447;447;5;21;PF;08/03/2022;15:28:00;453.50;396.53;29/12/2022;23:59:59
514;514;5;21;PF;20/01/2021;11:35:00;12237.53;11325.96;29/12/2022;00:00:00
196;196;5;36;PF;05/06/2014;12:16:00;34585.58;35985.86;27/04/2021;14:55:59
343;343;5;36;PF;20/09/2021;12:12:00;25938.22;24644.54;30/12/2022;00:00:01
692;692;5;36;PF;11/07/2014;12:48:00;34962.18;32166.28;30/12/2022;00:00:01
987;987;5;36;PF;02/08/2014;14:57:00;2148.68;2159.69;29/08/2016;01:18:41
328;328;5;43;PF;04/03/2017;13:03:00;36948.71;33788.96;02/05/2019;05:36:42
562;562;5;43;PF;16/07/2021;16:50:00;1973.93;1811.49;29/12/2022;00:00:00
653;653;5;43;PF;16/06/2016;14:20:00;94097.65;86317.93;29/12/2022;00:00:00
817;817;5;43;PF;25/11/2021;15:41:00;41127.40;41896.73;29/12/2022;23:59:59
309;309;5;50;PF;15/07/2015;11:21:00;14816.41;15334.76;29/12/2022;23:36:48
516;516;5;50;PF;19/09/2019;15:25:00;335.99;349.48;30/12/2022;00:00:00
613;613;5;50;PF;24/10/2017;13:13:00;18773.49;18763.11;13/05/2022;03:12:29
810;810;5;50;PF;07/07/2017;15:17:00;635.03;918.39;29/12/2022;23:59:49
939;939;5;50;PF;13/12/2022;13:16:00;822.83;809.35;30/12/2022;00:00:00
975;975;5;50;PF;18/03/2021;14:58:00;20.86;46.71;30/12/2022;00:00:00
192;192;5;52;PF;27/09/2015;11:21:00;92644.50;96197.79;30/12/2022;00:00:01
450;450;5;52;PF;01/04/2019;12:40:00;18485.22;17763.99;30/11/2022;19:32:43
611;611;5;52;PF;06/08/2019;14:42:00;35913.29;33542.41;29/12/2022;14:27:05
725;725;5;52;PF;11/01/2020;14:13:00;116.37;20.83;29/12/2022;00:00:00
651;651;5;55;PF;14/07/2016;12:22:00;43605.49;44909.55;23/08/2021;12:42:40
779;779;5;55;PF;15/04/2014;11:46:00;3915.34;4232.93;27/03/2021;08:36:14
837;837;5;55;PF;18/03/2014;10:30:00;18181.17;16654.64;26/05/2020;22:47:20
327;327;5;59;PF;08/10/2021;11:35:00;12913.30;12434.70;29/12/2022;00:00:00
388;388;5;59;PF;14/02/2017;12:43:00;14348.66;13919.02;24/12/2022;14:10:53
462;462;5;59;PF;19/11/2016;13:53:00;400.81;340.18;29/12/2019;08:22:09
485;485;5;59;PF;23/09/2017;11:16:00;21129.43;19292.72;07/07/2022;06:04:30
786;786;5;59;PF;21/01/2019;14:29:00;25708.99;24386.97;30/12/2022;00:00:00
790;790;5;59;PF;03/07/2014;16:49:00;8696.47;8079.57;20/09/2021;23:50:12
862;862;5;59;PF;07/11/2017;11:35:00;57375.23;54060.36;25/12/2022;14:04:09
926;926;5;59;PF;03/05/2018;15:18:00;58479.78;53607.32;27/12/2022;06:03:23
370;370;5;60;PF;08/07/2022;13:14:00;370.37;308.99;29/12/2022;00:00:00
484;484;5;60;PF;01/07/2021;12:51:00;158638.33;148919.10;29/12/2022;00:00:00
676;676;5;60;PF;25/04/2016;15:44:00;7591.33;6859.66;13/10/2018;12:34:22
820;820;5;60;PF;04/05/2017;12:48:00;4803.10;4043.63;29/12/2022;23:59:59
237;237;5;76;PF;28/07/2021;11:45:00;230.83;197.93;29/12/2022;23:59:59
340;340;5;76;PF;15/02/2022;12:44:00;68771.11;65285.17;29/12/2022;23:59:59
29;29;5;92;PF;27/07/2015;11:08:00;33.40;26.34;30/12/2022;00:00:00
72;72;5;92;PF;07/04/2019;15:08:00;27508.06;24529.73;29/12/2022;00:00:00
76;76;5;92;PF;06/11/2015;15:36:00;330.34;294.93;29/12/2022;23:59:59
127;127;5;92;PF;15/04/2014;10:06:00;111063.22;109931.60;18/12/2017;21:50:39
234;234;5;92;PF;08/03/2021;13:43:00;2649.29;2269.76;30/12/2022;00:00:01
387;387;5;92;PF;08/02/2014;13:28:00;47010.33;43828.91;30/12/2022;00:00:00
597;597;5;92;PF;19/06/2019;12:21:00;106127.15;108338.43;29/12/2022;00:00:00
405;405;6;2;PF;17/11/2021;15:03:00;429.43;275.21;30/12/2022;00:00:01
440;440;6;2;PF;02/03/2022;11:10:00;1333.13;1062.26;29/12/2022;00:00:00
612;612;6;2;PF;05/02/2017;12:35:00;12974.97;13553.67;29/12/2022;23:59:59
870;870;6;2;PF;20/12/2017;11:12:00;51333.78;48084.30;13/12/2022;18:36:48
2;2;6;16;PF;27/03/2020;13:05:00;59.28;12.72;30/12/2022;00:00:00
33;33;6;16;PF;10/11/2016;13:52:00;11565.98;10887.28;30/12/2022;00:00:01
64;64;6;16;PF;18/04/2016;15:57:00;6246.97;6501.51;07/02/2022;08:57:18
427;427;6;16;PF;18/02/2019;14:37:00;8085.96;7760.45;04/03/2022;15:00:08
641;641;6;16;PF;07/12/2019;13:32:00;1.31;744.27;29/12/2022;23:59:59
856;856;6;16;PF;24/06/2015;15:02:00;11790.66;10831.83;29/12/2022;23:40:08
889;889;6;16;PF;20/11/2022;14:49:00;828.41;786.36;30/12/2022;00:00:00
24;24;6;17;PF;10/06/2018;11:18:00;35486.75;34541.16;30/12/2022;00:00:00
172;172;6;17;PF;20/06/2020;15:24:00;24099.87;24708.18;29/12/2022;23:54:14
332;332;6;17;PF;10/09/2020;11:54:00;85186.37;83239.81;30/12/2022;00:00:00
578;578;6;17;PF;03/02/2021;14:52:00;19177.22;18603.70;30/12/2022;00:00:01
819;819;6;17;PF;02/08/2022;11:24:00;54632.65;56789.22;30/12/2022;00:00:01
163;163;6;29;PF;26/07/2020;14:45:00;16598.96;15220.77;29/12/2022;00:00:00
169;169;6;29;PF;01/07/2015;13:19:00;25114.20;25729.27;24/10/2022;05:07:23
365;365;6;29;PF;11/03/2020;13:52:00;341020.82;333783.57;29/12/2022;13:45:03
449;449;6;29;PF;10/11/2017;12:04:00;532.30;438.38;29/12/2022;00:00:00
706;706;6;29;PF;10/01/2019;15:36:00;1624.15;1231.68;30/12/2022;00:00:01
935;935;6;29;PF;22/03/2018;15:23:00;327.51;186.16;30/12/2022;00:00:01
958;958;6;29;PF;09/10/2018;15:05:00;10828.38;8596.76;22/12/2022;00:14:33
763;763;6;44;PF;19/10/2016;14:58:00;2213.52;2061.36;27/12/2022;22:47:18
107;107;6;53;PF;19/04/2020;12:09:00;273.68;160.81;08/09/2022;22:01:13
211;211;6;53;PF;10/03/2021;12:41:00;40789.45;41996.88;30/12/2022;00:00:01
518;518;6;53;PF;03/10/2015;14:31:00;9879.86;9275.92;29/12/2022;23:59:50
785;785;6;53;PF;15/03/2021;15:01:00;666.87;524.20;30/12/2022;00:00:00
48;48;6;54;PF;09/03/2019;16:19:00;2545.29;2366.42;29/12/2022;23:59:59
452;452;6;54;PF;18/07/2020;11:22:00;159474.24;146962.43;29/12/2022;00:00:00
643;643;6;54;PF;26/03/2022;10:46:00;32.82;37.67;29/12/2022;00:00:00
381;381;6;66;PF;21/10/2016;15:50:00;14217.10;12694.71;05/12/2022;19:35:29
513;513;6;66;PF;01/07/2021;11:43:00;13393.13;13010.52;30/12/2022;00:00:01
742;742;6;66;PF;17/05/2019;15:36:00;1612.41;1498.33;30/11/2022;22:26:57
206;206;6;87;PF;05/01/2018;16:28:00;19807.66;19957.40;29/06/2022;23:00:58
217;217;6;87;PF;05/09/2018;14:44:00;1918.21;1807.49;30/12/2022;00:00:00
316;316;6;87;PF;23/01/2018;15:29:00;29713.00;30107.64;29/12/2022;23:59:59
377;377;6;87;PF;15/12/2016;15:58:00;16675.08;15678.09;29/12/2022;00:00:00
610;610;6;87;PF;01/11/2020;14:28:00;1658.48;1592.91;29/12/2022;23:59:59
733;733;6;87;PF;26/09/2020;10:37:00;340.40;253.59;01/06/2022;14:56:47
932;932;6;87;PF;21/06/2015;12:06:00;11546.25;11282.89;29/12/2022;00:00:00
249;249;6;93;PF;10/01/2019;14:25:00;715.50;659.20;16/12/2022;21:22:34
386;386;6;93;PF;03/11/2018;12:58:00;39716.58;36353.97;29/12/2020;13:32:54
590;590;6;93;PF;09/10/2018;11:33:00;33128.77;29602.17;29/12/2022;23:59:59
720;720;6;93;PF;23/03/2021;10:56:00;4125.00;3729.58;29/12/2022;23:59:59
871;871;6;93;PF;22/08/2022;14:00:00;93.76;31.70;29/12/2022;23:59:59
956;956;6;93;PF;11/07/2017;15:45:00;1352.76;842.29;29/12/2022;23:59:59
35;35;6;97;PF;11/09/2015;12:06:00;47696.28;44817.87;03/09/2022;01:15:46
109;109;6;97;PF;16/03/2022;13:53:00;35.22;21.66;30/12/2022;00:00:00
255;255;6;97;PF;10/10/2022;10:25:00;9955.43;9653.13;30/12/2022;00:00:01
320;320;6;97;PF;26/08/2017;13:14:00;37.83;19.21;30/12/2022;00:00:01
540;540;6;97;PF;07/12/2018;16:22:00;19180.56;18481.90;19/08/2021;04:14:57
15;15;7;20;PF;11/09/2022;15:51:00;2647.60;3218.29;30/12/2022;00:00:01
16;16;7;20;PF;20/04/2018;12:01:00;2065.38;2132.85;29/12/2022;23:35:48
17;17;7;20;PF;12/03/2020;12:51:00;326.41;237.60;29/12/2022;00:00:00
22;22;7;20;PF;14/11/2020;11:11:00;161.32;103.16;30/12/2022;00:00:01
31;31;7;20;PF;25/09/2016;14:39:00;21553.25;20280.68;07/05/2022;22:35:02
52;52;7;20;PF;14/08/2022;15:20:00;22026.20;17655.11;29/12/2022;23:59:59
59;59;7;20;PF;10/03/2017;12:19:00;796.55;764.36;11/10/2022;12:56:13
61;61;7;20;PF;19/11/2015;15:34:00;361.86;241.98;29/12/2022;23:30:58
74;74;7;20;PF;26/07/2016;10:37:00;125.97;47.88;29/12/2022;10:20:39
84;84;7;20;PF;18/05/2021;13:34:00;36568.16;33313.75;28/12/2022;18:00:21
92;92;7;20;PF;03/02/2017;15:31:00;4.74;96.52;30/07/2019;03:31:10
112;112;7;20;PF;11/07/2021;12:15:00;43416.76;42606.49;30/12/2022;00:00:00
114;114;7;20;PF;11/11/2022;11:04:00;3760.20;17418.36;30/12/2022;00:00:01
131;131;7;20;PF;07/03/2022;10:12:00;36.80;822.97;29/12/2022;00:00:00
160;160;7;20;PF;02/11/2019;16:31:00;723.93;702.08;30/12/2022;00:00:00
210;210;7;20;PF;15/11/2018;14:36:00;97.46;67.79;29/12/2022;19:24:01
220;220;7;20;PF;17/08/2017;11:51:00;400725.03;377919.46;11/05/2022;15:01:12
227;227;7;20;PF;27/12/2022;13:30:00;9071.87;8827.14;30/12/2022;00:00:01
239;239;7;20;PF;25/02/2017;16:31:00;20825.14;21003.24;25/09/2022;01:03:58
241;241;7;20;PF;26/02/2021;12:19:00;7555.26;6136.91;29/12/2022;00:00:00
265;265;7;20;PF;05/06/2019;11:17:00;36319.33;34565.51;29/12/2022;23:50:17
266;266;7;20;PF;15/09/2016;11:01:00;25309.07;23006.93;10/10/2021;12:19:52
270;270;7;20;PF;05/09/2019;16:38:00;22222.92;21620.27;30/12/2022;00:00:01
285;285;7;20;PF;06/08/2017;13:36:00;13532.30;12467.51;30/12/2022;00:00:01
295;295;7;20;PF;13/07/2017;13:27:00;11694.36;11614.69;24/12/2022;17:23:35
299;299;7;20;PF;02/05/2022;12:39:00;47.74;2.57;30/12/2022;00:00:00
300;300;7;20;PF;24/06/2021;15:39:00;368.99;354.60;29/12/2022;23:59:59
339;339;7;20;PF;13/10/2019;15:10:00;24710.69;22194.86;29/12/2022;23:59:59
351;351;7;20;PF;19/08/2020;16:52:00;404.95;253.86;29/12/2022;23:59:59
353;353;7;20;PF;19/10/2021;12:13:00;10744.80;10071.98;29/12/2022;00:00:00
354;354;7;20;PF;24/02/2020;15:41:00;26258.02;24081.21;29/12/2022;00:00:00
358;358;7;20;PF;15/03/2019;15:56:00;38618.04;36812.24;30/12/2022;00:00:01
362;362;7;20;PF;09/11/2019;10:52:00;53389.32;51760.47;30/12/2022;00:00:00
393;393;7;20;PF;27/10/2022;16:27:00;14967.48;13695.14;30/12/2022;00:00:01
394;394;7;20;PF;21/12/2016;13:31:00;25574.68;25979.61;04/09/2022;14:21:39
399;399;7;20;PF;23/09/2018;16:32:00;30431.92;28423.39;30/12/2022;00:00:01
402;402;7;20;PF;15/07/2021;12:44:00;57385.86;54610.49;30/12/2022;00:00:00
424;424;7;20;PF;10/02/2022;12:31:00;96353.49;88192.70;29/12/2022;00:00:00
434;434;7;20;PF;02/08/2021;15:38:00;324.06;945.62;09/11/2022;14:01:03
442;442;7;20;PF;17/12/2022;13:24:00;22957.82;20014.45;15/01/2023;15:57:23
446;446;7;20;PF;08/10/2015;13:35:00;4383.79;3850.53;14/03/2022;22:14:51
492;492;7;20;PF;17/06/2016;11:48:00;262.46;239.80;30/12/2022;00:00:01
499;499;7;20;PF;07/11/2022;11:37:00;135452.03;130201.51;29/12/2022;00:00:00
531;531;7;20;PF;17/04/2020;13:12:00;922.64;579.95;10/12/2022;10:44:24
544;544;7;20;PF;08/09/2018;12:35:00;83742.51;82074.95;01/07/2022;14:59:44
553;553;7;20;PF;25/10/2017;12:12:00;27282.17;26909.57;29/12/2022;23:04:30
586;586;7;20;PF;18/04/2021;11:35:00;85580.49;84678.16;29/12/2022;00:00:00
587;587;7;20;PF;06/09/2019;15:59:00;45734.28;21792.21;29/12/2022;00:00:00
596;596;7;20;PF;06/08/2022;13:27:00;766.10;689.65;29/12/2022;00:00:00
601;601;7;20;PF;24/06/2019;10:12:00;55381.31;50163.84;29/12/2022;23:59:58
626;626;7;20;PF;25/07/2022;10:12:00;27364.75;25670.85;29/12/2022;00:00:00
634;634;7;20;PF;02/07/2021;13:31:00;48.63;21.57;30/12/2022;00:00:00
662;662;7;20;PF;15/12/2022;12:50:00;25648.76;24995.14;31/12/2022;03:13:47
678;678;7;20;PF;06/06/2016;12:17:00;9935.51;9839.71;12/12/2021;12:27:17
679;679;7;20;PF;08/01/2019;15:11:00;8394.09;8519.33;30/06/2022;10:11:49
704;704;7;20;PF;11/10/2021;14:10:00;16362.50;15714.77;29/12/2022;23:38:42
712;712;7;20;PF;16/06/2019;12:47:00;34828.10;45918.69;29/12/2022;23:56:56
718;718;7;20;PF;09/03/2018;14:52:00;44328.16;40732.59;25/12/2022;21:35:51
730;730;7;20;PF;02/05/2019;11:22:00;29.15;16.43;29/12/2022;23:57:11
773;773;7;20;PF;27/02/2018;16:20:00;4140.31;3896.88;08/01/2021;03:42:17
789;789;7;20;PF;04/09/2021;14:30:00;1840.62;932.73;30/12/2022;00:00:00
829;829;7;20;PF;16/04/2020;10:33:00;256.76;106.62;30/12/2022;00:00:01
842;842;7;20;PF;02/10/2020;10:21:00;1193.70;1109.88;30/12/2022;00:00:01
868;868;7;20;PF;02/12/2022;13:06:00;443.11;407.87;30/12/2022;00:00:01
887;887;7;20;PF;27/02/2021;11:43:00;17067.48;15458.46;30/12/2022;00:00:01
900;900;7;20;PF;06/08/2021;12:29:00;375.72;71.92;30/12/2022;00:00:01
952;952;7;20;PF;04/12/2019;12:14:00;1104.79;823.30;21/12/2022;04:27:09
977;977;7;20;PF;15/12/2018;13:03:00;1129.52;1012.65;11/08/2022;05:32:58
983;983;7;20;PF;15/04/2019;12:52:00;1415.92;1307.75;30/12/2022;00:00:01
28;28;7;26;PF;03/04/2017;16:11:00;52654.36;50324.19;24/11/2019;06:23:48
65;65;7;26;PF;26/08/2018;12:33:00;255.26;208.15;24/06/2022;07:04:11
67;67;7;26;PF;14/05/2018;13:27:00;3343.62;3092.46;25/08/2022;23:00:41
78;78;7;26;PF;27/12/2019;12:52:00;5572.91;5007.53;30/12/2022;00:00:01
81;81;7;26;PF;03/04/2021;13:18:00;4317.82;4035.66;29/12/2022;23:55:31
83;83;7;26;PF;07/10/2021;13:04:00;16.12;9550.96;29/12/2022;23:59:59
86;86;7;26;PF;05/03/2016;13:55:00;140.70;180.20;29/12/2022;00:00:00
113;113;7;26;PF;07/01/2020;14:29:00;647.69;30.71;30/12/2022;00:00:01
118;118;7;26;PF;14/04/2022;12:33:00;265.88;244.56;29/12/2022;00:00:00
144;144;7;26;PF;06/04/2022;14:46:00;347.14;885.10;29/12/2022;23:59:59
183;183;7;26;PF;19/12/2019;14:01:00;1028.98;2655.28;30/05/2022;00:01:16
224;224;7;26;PF;20/09/2019;12:30:00;91.82;32.29;25/12/2022;08:00:32
245;245;7;26;PF;15/06/2018;11:38:00;27657.72;26339.26;29/12/2022;23:59:59
246;246;7;26;PF;23/05/2019;15:55:00;73563.28;74061.33;29/12/2022;00:00:00
264;264;7;26;PF;19/03/2020;14:13:00;1065.24;946.80;30/12/2022;00:00:01
274;274;7;26;PF;16/08/2018;12:55:00;105741.37;101639.81;30/12/2022;00:00:01
276;276;7;26;PF;03/02/2021;11:25:00;10241.66;9370.81;30/12/2022;00:00:00
283;283;7;26;PF;13/10/2018;12:41:00;12870.35;12935.61;17/02/2020;20:36:45
301;301;7;26;PF;20/10/2015;13:23:00;23199.27;21653.35;13/02/2018;22:02:10
310;310;7;26;PF;04/11/2020;13:05:00;6616.23;6132.56;29/12/2022;23:59:59
317;317;7;26;PF;17/08/2020;14:35:00;5980.91;5950.89;30/12/2022;00:00:00
342;342;7;26;PF;18/05/2018;15:37:00;33695.25;33336.16;27/12/2022;21:36:43
360;360;7;26;PF;15/08/2021;11:39:00;22218.49;20525.77;29/12/2022;00:00:00
385;385;7;26;PF;06/08/2018;12:05:00;12044.82;13802.43;27/12/2022;11:30:13
411;411;7;26;PF;10/03/2022;10:33:00;165559.71;158495.13;29/12/2022;00:00:00
414;414;7;26;PF;10/04/2017;14:29:00;6141.77;5669.23;10/11/2020;03:12:37
417;417;7;26;PF;17/10/2022;13:56:00;11095.68;9982.92;30/12/2022;00:00:01
421;421;7;26;PF;24/04/2020;10:07:00;466.62;439.10;16/01/2022;13:03:01
433;433;7;26;PF;16/12/2021;11:19:00;815.30;63.93;30/12/2022;00:00:01
437;437;7;26;PF;27/10/2022;11:52:00;742.21;608.31;29/12/2022;00:00:00
457;457;7;26;PF;14/04/2017;11:13:00;3056.27;2809.97;24/10/2022;06:20:14
464;464;7;26;PF;20/04/2021;10:09:00;11680.43;10722.87;29/12/2022;00:00:00
477;477;7;26;PF;20/08/2022;14:19:00;1851.45;1311.39;30/12/2022;00:00:00
491;491;7;26;PF;03/09/2020;14:33:00;34816.11;36237.31;29/12/2022;00:00:00
498;498;7;26;PF;25/08/2015;14:46:00;5685.15;5739.17;14/04/2022;09:59:35
506;506;7;26;PF;25/11/2017;16:17:00;11257.52;11621.17;28/12/2022;21:37:30
521;521;7;26;PF;13/09/2022;13:05:00;248.55;146.28;30/12/2022;00:00:00
527;527;7;26;PF;10/08/2015;12:14:00;151338.39;142774.92;07/05/2022;10:06:41
529;529;7;26;PF;23/03/2020;15:22:00;31630.65;29764.67;30/12/2022;00:00:00
530;530;7;26;PF;14/02/2018;12:30:00;11555.85;11723.30;08/10/2020;18:48:41
550;550;7;26;PF;25/06/2017;15:12:00;102824.60;95089.16;30/12/2022;00:00:00
552;552;7;26;PF;17/06/2018;14:15:00;31.29;769.68;29/12/2022;00:00:00
573;573;7;26;PF;11/05/2021;15:05:00;830.56;498.36;29/12/2022;23:59:59
579;579;7;26;PF;03/10/2018;16:00:00;7337.75;6816.73;12/08/2022;08:56:55
581;581;7;26;PF;06/07/2017;11:09:00;8627.61;7873.11;16/12/2020;07:28:46
588;588;7;26;PF;07/09/2019;15:19:00;6797.46;6144.82;30/12/2022;00:00:01
622;622;7;26;PF;24/01/2018;14:45:00;2143.14;1912.43;30/12/2022;00:00:00
628;628;7;26;PF;08/07/2020;10:33:00;85151.42;84354.36;30/12/2022;00:00:01
636;636;7;26;PF;26/12/2016;15:16:00;7746.56;7061.73;17/04/2020;16:03:00
637;637;7;26;PF;05/03/2017;16:46:00;3806.22;3668.45;18/07/2021;20:15:52
646;646;7;26;PF;15/08/2018;15:30:00;45815.84;44858.96;29/12/2022;23:59:51
649;649;7;26;PF;11/04/2016;13:35:00;21961.58;22871.31;14/11/2021;03:58:03
650;650;7;26;PF;12/07/2022;13:16:00;7.04;684.28;30/12/2022;00:00:00
674;674;7;26;PF;10/02/2021;13:27:00;235.97;179.31;29/12/2022;23:59:59
680;680;7;26;PF;07/08/2016;12:18:00;55.69;39.95;19/10/2022;17:49:07
681;681;7;26;PF;23/07/2018;13:19:00;160415.01;90516.74;30/12/2022;00:00:01
690;690;7;26;PF;27/02/2022;14:01:00;27760.70;28603.20;29/12/2022;00:00:00
691;691;7;26;PF;15/07/2020;16:46:00;107912.57;101404.81;08/05/2022;08:59:54
716;716;7;26;PF;02/05/2019;16:21:00;427.16;228.04;29/12/2022;23:59:39
728;728;7;26;PF;23/11/2020;12:34:00;19557.77;20119.83;29/12/2022;23:59:59
737;737;7;26;PF;28/01/2021;14:26:00;901.60;2456.42;29/12/2022;00:00:00
761;761;7;26;PF;07/06/2016;15:04:00;9.27;1232.10;30/12/2022;00:00:00
771;771;7;26;PF;16/01/2020;12:55:00;92428.74;97788.51;29/12/2022;00:00:00
782;782;7;26;PF;10/01/2019;11:19:00;35279.74;32124.63;19/02/2022;07:16:19
783;783;7;26;PF;21/09/2015;11:35:00;41501.58;37538.71;07/01/2019;19:33:10
794;794;7;26;PF;14/11/2019;11:15:00;996.41;938.79;29/12/2022;23:56:29
807;807;7;26;PF;28/07/2022;16:18:00;50704.86;51891.35;30/12/2022;00:00:01
836;836;7;26;PF;23/08/2022;11:20:00;419.59;370.66;30/12/2022;00:00:00
849;849;7;26;PF;05/06/2021;11:43:00;5047.48;5126.29;30/12/2022;00:00:01
864;864;7;26;PF;28/04/2017;15:30:00;12665.79;13352.69;05/01/2022;17:26:55
902;902;7;26;PF;17/03/2018;15:41:00;1374.98;1311.14;29/12/2022;23:33:50
912;912;7;26;PF;16/07/2020;12:22:00;23870.49;24429.25;29/12/2022;23:59:59
941;941;7;26;PF;22/05/2022;12:02:00;272.64;47.30;30/12/2022;00:00:00
946;946;7;26;PF;05/03/2016;10:07:00;379.39;239.80;26/12/2022;20:25:06
968;968;7;26;PF;01/02/2018;16:14:00;170.82;96.02;30/12/2022;00:00:01
971;971;7;26;PF;12/02/2021;12:24:00;18364.65;16534.76;30/12/2022;00:00:00
979;979;7;26;PF;09/03/2018;16:27:00;33568.81;30770.18;19/10/2022;19:23:43
981;981;7;26;PF;13/09/2021;14:38:00;824.66;328.66;29/12/2022;23:59:59
982;982;7;26;PF;25/11/2019;11:04:00;92.57;29.60;29/12/2022;23:59:59
984;984;7;26;PF;15/12/2016;12:04:00;9173.72;8208.76;29/12/2022;23:59:59
991;991;7;26;PF;14/02/2019;13:36:00;14.08;3.53;29/12/2022;23:57:35
995;995;7;26;PF;06/02/2021;13:22:00;872.16;801.72;30/12/2022;00:00:00
996;996;7;26;PF;20/02/2017;14:29:00;37556.42;34524.93;29/12/2022;23:59:59
997;997;7;26;PF;20/11/2020;13:29:00;88.69;84.08;29/12/2022;23:59:59
8;8;7;48;PF;13/08/2021;11:07:00;1238.66;1054.95;30/12/2022;00:00:00
18;18;7;48;PF;18/07/2021;15:07:00;226548.63;217787.98;30/12/2022;00:00:00
54;54;7;48;PF;08/09/2017;12:55:00;30239.92;30255.81;29/12/2022;23:59:59
77;77;7;48;PF;01/02/2019;13:17:00;415.61;349.81;29/12/2022;18:22:35
87;87;7;48;PF;08/07/2020;14:09:00;35777.78;34063.46;30/12/2022;00:00:00
97;97;7;48;PF;28/09/2021;14:36:00;46143.09;46508.29;30/12/2022;00:00:00
105;105;7;48;PF;27/11/2018;15:02:00;34360.53;32440.67;30/12/2022;00:00:00
124;124;7;48;PF;27/03/2021;14:20:00;2933.24;2862.07;30/12/2022;00:00:00
130;130;7;48;PF;15/11/2019;10:31:00;487.23;729.13;29/12/2022;23:59:59
139;139;7;48;PF;23/09/2016;14:05:00;437.81;401.65;31/10/2022;06:36:34
143;143;7;48;PF;19/04/2020;13:29:00;2958.60;2772.60;30/12/2022;00:00:00
149;149;7;48;PF;25/06/2020;12:32:00;21312.00;19341.19;29/12/2022;23:59:59
178;178;7;48;PF;17/07/2020;16:24:00;24518.92;23767.60;29/12/2022;00:00:00
197;197;7;48;PF;26/09/2020;12:01:00;198787.40;181219.01;29/12/2022;00:00:00
202;202;7;48;PF;22/04/2016;11:19:00;19693.78;17714.93;29/12/2022;00:00:00
216;216;7;48;PF;06/12/2019;11:03:00;75578.50;74679.17;30/12/2022;00:00:01
226;226;7;48;PF;14/01/2017;11:27:00;30179.97;27655.51;29/12/2022;23:59:59
228;228;7;48;PF;04/03/2022;13:41:00;78851.94;82933.80;29/12/2022;00:00:00
271;271;7;48;PF;02/12/2020;12:41:00;72928.57;71467.54;29/12/2022;00:00:00
297;297;7;48;PF;11/08/2018;13:45:00;925.88;879.13;20/03/2020;05:25:01
307;307;7;48;PF;10/02/2017;16:42:00;95.07;72.72;29/12/2022;23:59:50
319;319;7;48;PF;18/08/2021;15:41:00;62237.18;64114.92;29/12/2022;00:00:00
341;341;7;48;PF;12/04/2016;12:25:00;9032.98;7596.00;29/12/2022;08:28:05
352;352;7;48;PF;05/06/2022;14:12:00;25597.94;24148.99;29/12/2022;00:00:00
380;380;7;48;PF;25/10/2015;15:27:00;28308.88;29778.26;29/12/2022;22:26:11
389;389;7;48;PF;13/12/2021;13:02:00;101.15;98.44;29/12/2022;23:59:59
398;398;7;48;PF;16/02/2022;14:30:00;87.64;71.32;30/12/2022;00:00:00
418;418;7;48;PF;12/05/2016;12:48:00;26645.94;27003.54;23/03/2021;08:48:36
422;422;7;48;PF;27/11/2022;13:46:00;188.43;101.76;29/12/2022;00:00:00
438;438;7;48;PF;10/06/2017;14:28:00;11894.96;10485.76;27/11/2022;10:34:00
459;459;7;48;PF;05/11/2019;10:33:00;124.79;74.03;12/09/2022;07:13:55
479;479;7;48;PF;27/09/2022;11:03:00;328.57;290.31;30/12/2022;00:00:00
487;487;7;48;PF;08/07/2019;15:16:00;32798.23;30920.12;29/12/2022;23:59:59
490;490;7;48;PF;07/06/2021;10:30:00;3991.06;3463.56;29/12/2022;23:59:59
500;500;7;48;PF;20/11/2016;13:28:00;11679.79;10787.50;17/03/2018;00:50:02
537;537;7;48;PF;02/02/2020;16:09:00;6522.84;6180.00;29/12/2022;23:59:19
543;543;7;48;PF;05/07/2017;15:58:00;4106.56;3765.36;29/12/2022;00:00:00
549;549;7;48;PF;22/06/2019;15:37:00;1106.77;609.15;22/06/2021;14:14:44
554;554;7;48;PF;02/06/2022;15:03:00;20.31;187.92;29/12/2022;00:00:00
577;577;7;48;PF;15/03/2016;16:07:00;17829.87;16712.74;24/01/2020;06:19:25
606;606;7;48;PF;18/06/2021;14:14:00;1239.81;1161.93;29/12/2022;00:00:00
625;625;7;48;PF;09/01/2021;11:36:00;10787.12;9793.87;30/12/2022;00:00:01
647;647;7;48;PF;19/12/2018;13:08:00;143.43;118.65;07/11/2021;20:51:03
685;685;7;48;PF;27/02/2021;15:29:00;56057.11;53350.32;29/12/2022;23:55:37
687;687;7;48;PF;14/12/2021;10:04:00;44954.05;42763.73;29/12/2022;00:00:00
698;698;7;48;PF;14/08/2018;15:16:00;52949.88;49952.45;29/12/2022;00:00:00
710;710;7;48;PF;26/06/2019;12:44:00;3706.83;3069.41;27/09/2022;22:56:46
732;732;7;48;PF;26/07/2018;14:07:00;26142.37;26741.50;29/12/2022;22:57:44
755;755;7;48;PF;27/05/2019;13:47:00;48347.01;45095.63;29/12/2022;23:59:59
756;756;7;48;PF;16/01/2021;12:06:00;11326.05;11697.77;30/12/2022;00:00:01
769;769;7;48;PF;07/01/2017;14:53:00;3666.87;3430.07;29/08/2022;02:51:43
787;787;7;48;PF;10/10/2017;12:04:00;109334.01;103374.03;29/12/2022;00:00:00
796;796;7;48;PF;08/11/2019;15:59:00;5281.92;5077.32;30/11/2022;08:27:05
802;802;7;48;PF;05/11/2015;11:08:00;32374.37;29643.65;14/03/2019;13:46:53
824;824;7;48;PF;07/01/2016;12:26:00;18454.71;19004.63;11/05/2017;03:33:48
839;839;7;48;PF;02/01/2017;12:37:00;14016.34;14495.29;04/10/2019;10:15:58
855;855;7;48;PF;25/02/2017;13:28:00;48777.11;44463.94;29/12/2022;23:59:59
880;880;7;48;PF;06/06/2017;14:49:00;20335.09;18485.37;30/12/2022;00:00:01
883;883;7;48;PF;05/09/2015;16:18:00;29382.13;28322.77;01/05/2017;11:52:54
937;937;7;48;PF;16/06/2022;11:01:00;1659.43;1094.97;29/12/2022;23:59:59
967;967;7;48;PF;21/02/2016;14:33:00;62645.78;61092.73;01/05/2021;18:32:58
37;37;7;64;PF;03/07/2022;16:07:00;352.04;328.26;30/12/2022;00:00:01
47;47;7;64;PF;07/12/2021;11:46:00;37349.64;35527.59;29/12/2022;23:59:59
82;82;7;64;PF;03/07/2019;13:17:00;2813.93;2530.10;31/01/2021;15:14:12
89;89;7;64;PF;26/08/2021;13:23:00;69758.36;71055.33;29/12/2022;00:00:00
103;103;7;64;PF;25/05/2018;13:51:00;38172.35;49975.53;25/12/2022;01:32:24
126;126;7;64;PF;25/07/2017;12:04:00;57292.05;52158.79;19/05/2022;21:41:47
142;142;7;64;PF;04/10/2021;15:56:00;229.99;370.30;29/12/2022;23:55:11
165;165;7;64;PF;23/01/2020;12:15:00;9170.93;8355.74;30/12/2022;00:00:01
167;167;7;64;PF;21/08/2021;14:10:00;132218.81;121260.38;29/12/2022;00:00:00
213;213;7;64;PF;18/08/2019;11:33:00;60366.02;55301.67;30/12/2022;00:00:00
225;225;7;64;PF;18/08/2020;14:58:00;419923.18;411617.06;30/12/2022;00:00:00
240;240;7;64;PF;16/03/2021;14:29:00;6642.56;6437.99;29/12/2022;00:00:00
261;261;7;64;PF;20/09/2015;12:35:00;40119.08;38945.43;29/12/2022;23:44:39
263;263;7;64;PF;27/12/2017;13:22:00;14228.49;14502.43;30/12/2022;00:00:01
267;267;7;64;PF;12/09/2022;11:33:00;15860.20;15184.19;30/12/2022;00:00:00
289;289;7;64;PF;11/12/2022;14:34:00;392.81;392.94;29/12/2022;23:59:59
292;292;7;64;PF;10/10/2015;12:03:00;134384.26;141742.22;25/12/2022;23:15:34
294;294;7;64;PF;13/05/2021;11:44:00;52858.19;53347.53;30/12/2022;00:00:01
302;302;7;64;PF;10/01/2017;13:05:00;47083.90;43163.70;16/11/2021;14:44:15
303;303;7;64;PF;11/04/2017;13:13:00;59.48;31.21;10/04/2021;22:33:27
315;315;7;64;PF;19/12/2022;14:37:00;15067.78;14528.58;29/12/2022;23:59:59
329;329;7;64;PF;25/06/2019;15:18:00;22775.06;18148.49;30/12/2022;00:00:01
379;379;7;64;PF;21/02/2021;13:18:00;1110.26;873.60;29/12/2022;23:59:59
412;412;7;64;PF;01/12/2020;14:13:00;299.25;233.56;30/12/2022;00:00:00
423;423;7;64;PF;26/11/2017;16:12:00;7737.60;7639.31;13/11/2022;00:07:27
441;441;7;64;PF;05/06/2019;16:33:00;23947.12;24571.72;30/12/2022;00:00:00
454;454;7;64;PF;12/09/2022;13:27:00;1612.04;1266.84;29/12/2022;00:00:00
461;461;7;64;PF;12/03/2021;15:04:00;472.88;285.26;29/12/2022;23:59:59
482;482;7;64;PF;23/08/2019;11:22:00;67872.97;67382.17;26/12/2022;18:18:07
538;538;7;64;PF;25/11/2022;11:24:00;2676.30;2429.12;30/12/2022;00:00:00
542;542;7;64;PF;02/06/2022;11:54:00;275.73;249.04;30/12/2022;00:00:00
546;546;7;64;PF;14/12/2019;16:56:00;134.74;83.90;30/12/2022;00:00:01
551;551;7;64;PF;13/03/2018;11:48:00;30963.52;28648.37;26/12/2022;11:10:19
558;558;7;64;PF;23/08/2021;12:15:00;359.56;148.96;29/12/2022;00:00:00
565;565;7;64;PF;28/06/2016;12:31:00;4723.79;4450.35;29/12/2022;23:59:59
570;570;7;64;PF;14/12/2021;10:13:00;1634.64;1530.20;29/12/2022;23:59:07
595;595;7;64;PF;11/10/2016;15:15:00;244085.13;251588.81;28/07/2019;15:05:07
657;657;7;64;PF;06/03/2020;13:40:00;76149.84;75325.04;29/12/2022;00:00:00
673;673;7;64;PF;09/09/2016;14:30:00;92837.59;86746.66;19/08/2022;17:46:19
686;686;7;64;PF;26/05/2021;10:49:00;9942.37;9726.47;29/12/2022;00:00:00
702;702;7;64;PF;25/05/2017;15:10:00;26386.73;26892.41;29/12/2022;23:42:02
709;709;7;64;PF;07/09/2018;11:13:00;111450.85;107095.24;28/12/2022;04:19:32
722;722;7;64;PF;16/05/2018;13:22:00;13669.03;13065.00;29/12/2022;00:00:00
738;738;7;64;PF;19/12/2018;16:10:00;17755.96;16268.02;30/12/2022;00:00:00
746;746;7;64;PF;27/08/2021;15:36:00;6437.88;6676.28;29/12/2022;23:57:27
754;754;7;64;PF;15/12/2022;14:27:00;1251.16;810.28;29/12/2022;23:59:59
757;757;7;64;PF;10/12/2016;15:46:00;7591.24;7573.15;30/12/2022;00:00:00
792;792;7;64;PF;08/12/2018;12:54:00;40346.73;38036.24;29/12/2022;00:00:00
818;818;7;64;PF;08/05/2021;12:31:00;40853.20;41083.46;29/12/2022;23:37:02
851;851;7;64;PF;02/05/2022;10:45:00;182.18;152.01;29/12/2022;23:59:59
857;857;7;64;PF;14/05/2017;14:29:00;1985.66;1836.71;29/12/2022;23:35:39
865;865;7;64;PF;06/05/2019;10:03:00;11394.44;11738.35;29/12/2022;23:59:59
873;873;7;64;PF;25/05/2021;15:15:00;179.77;171.20;30/12/2022;00:00:01
874;874;7;64;PF;20/11/2021;10:46:00;187.61;67.71;29/12/2022;23:59:59
917;917;7;64;PF;18/05/2016;11:07:00;2074.12;1891.00;30/12/2022;00:00:00
928;928;7;64;PF;16/12/2022;10:46:00;1453.08;1108.93;08/01/2023;18:51:05
936;936;7;64;PF;27/03/2017;16:43:00;95650.13;98589.38;24/07/2021;07:40:28
951;951;7;64;PF;19/11/2018;11:53:00;5283.16;1806.91;05/05/2021;19:10:09
957;957;7;64;PF;10/08/2020;15:07:00;14387.09;13140.68;30/12/2022;00:00:00
973;973;7;64;PF;25/12/2020;15:51:00;3776.58;3691.88;30/12/2022;00:00:01
992;992;7;64;PF;13/02/2020;12:01:00;2219.01;2138.16;26/12/2022;21:11:00
994;994;7;64;PF;02/12/2015;12:23:00;19719.41;19764.44;29/12/2022;23:59:36
7;7;7;84;PF;12/09/2018;13:08:00;98.65;23.43;30/12/2022;00:00:00
98;98;7;84;PF;19/02/2018;11:29:00;110694.89;103238.17;04/12/2019;08:10:57
100;100;7;84;PF;10/03/2017;15:18:00;26815.90;25875.00;30/12/2022;00:00:01
117;117;7;84;PF;22/06/2022;10:15:00;61939.96;61304.34;29/12/2022;23:59:59
122;122;7;84;PF;02/10/2016;11:23:00;24.67;11.88;18/02/2019;13:05:43
128;128;7;84;PF;22/05/2018;12:30:00;8.60;264.73;29/12/2022;23:59:59
133;133;7;84;PF;22/12/2022;10:05:00;264.91;163.95;15/01/2023;06:14:45
137;137;7;84;PF;06/01/2017;14:34:00;67907.37;62273.86;13/12/2022;01:27:39
150;150;7;84;PF;04/11/2021;11:27:00;30578.58;29116.17;29/12/2022;00:00:00
151;151;7;84;PF;09/03/2018;15:53:00;29082.30;27325.63;16/07/2022;07:45:02
159;159;7;84;PF;24/06/2022;13:01:00;435.90;410.81;30/12/2022;00:00:01
174;174;7;84;PF;21/04/2017;15:02:00;23287.88;21444.25;14/09/2022;20:46:48
181;181;7;84;PF;08/06/2021;15:03:00;32738.63;30918.08;29/12/2022;23:51:04
204;204;7;84;PF;23/02/2021;16:46:00;7630.23;7643.50;27/12/2022;08:55:17
247;247;7;84;PF;25/07/2019;14:05:00;92174.68;85291.46;29/12/2022;00:00:00
256;256;7;84;PF;28/04/2020;16:46:00;3.88;494.70;02/11/2022;17:44:43
262;262;7;84;PF;19/10/2019;11:14:00;78324.90;78285.28;30/12/2022;00:00:01
272;272;7;84;PF;25/08/2021;10:48:00;185905.51;177022.98;29/12/2022;00:00:00
281;281;7;84;PF;27/06/2016;15:06:00;1034.35;669.55;30/12/2022;00:00:00
296;296;7;84;PF;03/07/2016;11:32:00;14857.75;12292.18;30/07/2022;14:40:55
311;311;7;84;PF;13/10/2021;12:56:00;2741.65;1066.09;29/12/2022;23:59:59
318;318;7;84;PF;06/03/2017;12:50:00;49763.07;49705.32;29/12/2022;00:00:00
330;330;7;84;PF;11/06/2022;15:44:00;25535.14;23786.80;29/12/2022;23:59:59
334;334;7;84;PF;08/10/2016;11:12:00;20727.58;20722.60;30/12/2022;00:00:01
349;349;7;84;PF;07/01/2019;15:47:00;28053.59;26634.40;29/12/2022;23:14:40
406;406;7;84;PF;25/08/2017;13:16:00;4672.45;4835.91;29/12/2022;23:59:10
439;439;7;84;PF;18/05/2019;11:42:00;1.22;4032.21;29/12/2022;23:59:59
478;478;7;84;PF;03/06/2022;10:52:00;36880.00;38096.67;30/12/2022;00:00:00
489;489;7;84;PF;04/08/2019;13:50:00;230.91;139.47;29/12/2022;00:00:00
493;493;7;84;PF;19/12/2017;16:53:00;17359.52;15370.33;30/12/2022;00:00:01
494;494;7;84;PF;05/09/2019;11:39:00;353.71;308.37;29/12/2022;23:57:44
508;508;7;84;PF;18/05/2019;14:07:00;14898.66;14102.08;30/12/2022;00:00:00
519;519;7;84;PF;14/09/2021;11:54:00;797.46;187.19;29/12/2022;23:55:54
536;536;7;84;PF;09/12/2020;14:29:00;457.36;1236.60;30/12/2022;00:00:01
561;561;7;84;PF;20/01/2019;12:19:00;9182.99;8913.97;24/06/2022;08:29:45
572;572;7;84;PF;21/09/2021;16:34:00;26.11;5.73;29/12/2022;23:59:59
589;589;7;84;PF;13/09/2018;13:09:00;74008.72;71872.80;04/06/2020;21:51:06
593;593;7;84;PF;12/01/2019;10:56:00;56788.45;57631.09;29/12/2022;00:00:00
607;607;7;84;PF;04/12/2015;11:48:00;1963.97;1855.39;08/09/2018;03:23:55
618;618;7;84;PF;14/12/2018;11:23:00;11413.91;10896.79;13/05/2020;12:18:10
627;627;7;84;PF;14/12/2020;13:51:00;143.34;11.61;29/12/2022;00:00:00
645;645;7;84;PF;24/05/2022;13:33:00;296.44;270.09;30/12/2022;00:00:00
658;658;7;84;PF;07/02/2017;12:10:00;10623.52;10255.33;20/09/2019;20:58:34
660;660;7;84;PF;28/10/2022;14:34:00;64380.39;61857.22;30/12/2022;00:00:00
663;663;7;84;PF;21/07/2020;14:21:00;318.79;209.45;29/12/2022;23:59:59
682;682;7;84;PF;14/10/2020;16:53:00;20.31;225.71;30/12/2022;00:00:01
695;695;7;84;PF;18/04/2021;15:39:00;18491.94;17175.37;30/12/2022;00:00:01
708;708;7;84;PF;19/07/2020;11:21:00;959.21;770.50;04/11/2022;04:20:04
729;729;7;84;PF;21/08/2020;10:13:00;267.79;223.21;29/12/2022;23:59:37
734;734;7;84;PF;17/08/2020;15:00:00;1021.10;953.19;30/12/2022;00:00:01
745;745;7;84;PF;23/04/2017;15:36:00;24507.80;22446.31;30/12/2022;00:00:00
803;803;7;84;PF;17/11/2021;12:01:00;71217.55;67168.87;29/12/2022;23:59:59
822;822;7;84;PF;16/12/2022;15:58:00;238.97;212.94;04/01/2023;07:55:58
827;827;7;84;PF;24/10/2022;14:44:00;107556.29;99308.13;30/12/2022;00:00:00
860;860;7;84;PF;15/04/2021;14:16:00;41005.77;37774.11;29/12/2022;23:59:59
882;882;7;84;PF;20/09/2020;12:10:00;12488.90;12478.81;29/12/2022;00:00:00
884;884;7;84;PF;06/08/2017;11:01:00;13113.03;12932.07;29/12/2022;23:43:26
893;893;7;84;PF;19/07/2022;13:30:00;310.48;298.54;29/12/2022;00:00:00
929;929;7;84;PF;27/02/2019;13:07:00;34456.31;32992.26;13/11/2022;05:06:34
942;942;7;84;PF;24/10/2015;15:54:00;48.26;292.65;27/07/2021;13:03:47
944;944;7;84;PF;09/05/2020;11:42:00;18246.87;16570.43;30/12/2022;00:00:00
948;948;7;84;PF;25/09/2016;15:39:00;22981.42;23251.53;30/12/2022;00:00:01
959;959;7;84;PF;07/06/2022;12:06:00;9579.72;10044.11;29/12/2022;00:00:00
964;964;7;84;PF;24/06/2021;14:15:00;938.70;17.60;29/12/2022;23:59:59
969;969;7;84;PF;18/10/2020;10:41:00;19705.84;19084.52;30/12/2022;00:00:01
986;986;7;84;PF;23/01/2016;12:45:00;3674.61;3468.33;19/01/2019;05:34:40
999;999;7;84;PF;25/08/2017;15:13:00;18697.46;18628.42;29/12/2022;00:00:00
12;12;7;85;PF;13/01/2016;12:28:00;437.29;405.41;29/12/2022;23:59:58
13;13;7;85;PF;16/12/2022;11:20:00;229.78;212.50;08/01/2023;07:02:41
20;20;7;85;PF;20/05/2021;15:06:00;50155.81;49629.64;29/12/2022;23:59:59
58;58;7;85;PF;02/11/2017;12:54:00;55549.86;57199.63;30/12/2022;00:00:00
63;63;7;85;PF;10/04/2019;12:23:00;2354.25;2160.99;30/12/2022;00:00:00
91;91;7;85;PF;17/02/2020;10:45:00;51889.38;50612.74;29/12/2022;23:59:30
123;123;7;85;PF;16/10/2021;15:35:00;308.13;186.79;29/12/2022;23:59:59
182;182;7;85;PF;04/11/2020;12:06:00;6257.19;6395.69;29/12/2022;00:00:00
273;273;7;85;PF;27/04/2020;11:42:00;65.49;29.70;30/12/2022;00:00:01
308;308;7;85;PF;26/06/2018;14:23:00;28868.04;26440.84;30/12/2022;00:00:01
314;314;7;85;PF;11/02/2017;12:07:00;19172.35;17788.25;23/12/2022;08:14:19
324;324;7;85;PF;11/01/2022;15:19:00;123.14;103.13;30/12/2022;00:00:00
335;335;7;85;PF;02/01/2022;11:09:00;751.07;709.01;29/12/2022;23:59:59
337;337;7;85;PF;03/08/2017;14:16:00;36506.97;37852.09;29/12/2022;08:42:23
338;338;7;85;PF;07/03/2016;14:26:00;185276.12;179836.59;30/12/2022;00:00:01
345;345;7;85;PF;08/12/2017;13:24:00;11346.32;10598.12;30/12/2022;00:00:00
348;348;7;85;PF;03/03/2018;11:58:00;51345.40;48405.15;06/10/2021;04:37:41
367;367;7;85;PF;21/08/2015;11:07:00;15067.75;15142.78;06/11/2021;12:28:06
369;369;7;85;PF;09/10/2022;11:31:00;2372.80;2392.14;30/12/2022;00:00:01
378;378;7;85;PF;18/03/2018;12:36:00;1483.80;1454.99;28/12/2020;07:37:42
384;384;7;85;PF;10/03/2022;13:20:00;26811.23;25982.42;29/12/2022;23:59:59
391;391;7;85;PF;21/06/2020;11:39:00;221113.68;215962.42;16/10/2022;07:03:56
392;392;7;85;PF;26/12/2015;15:09:00;4970.32;4563.98;23/09/2019;00:15:52
396;396;7;85;PF;24/09/2021;11:11:00;7540.11;7091.65;30/12/2022;00:00:01
397;397;7;85;PF;13/10/2018;10:51:00;40026.37;36169.34;29/12/2022;22:02:26
409;409;7;85;PF;08/11/2015;14:10:00;17764.62;18283.47;07/04/2021;14:37:17
458;458;7;85;PF;02/07/2017;14:47:00;55600.62;57884.81;29/12/2022;23:59:59
463;463;7;85;PF;02/04/2017;13:32:00;13633.90;13891.76;08/11/2020;15:13:48
465;465;7;85;PF;07/10/2017;14:54:00;6002.17;6030.19;25/08/2021;16:37:01
469;469;7;85;PF;27/09/2018;11:50:00;43152.17;45107.74;29/12/2022;00:00:00
471;471;7;85;PF;20/10/2022;16:02:00;592.73;529.53;29/12/2022;00:00:00
483;483;7;85;PF;23/10/2022;11:12:00;59749.51;56176.71;30/12/2022;00:00:01
502;502;7;85;PF;19/12/2021;15:05:00;58387.64;58427.81;30/12/2022;00:00:00
503;503;7;85;PF;25/11/2020;13:30:00;5085.35;5111.28;29/12/2022;00:00:00
511;511;7;85;PF;07/11/2018;11:57:00;36503.11;38393.28;18/12/2022;17:28:23
522;522;7;85;PF;05/11/2016;13:26:00;1004.89;377.69;25/01/2021;19:40:47
524;524;7;85;PF;02/11/2019;11:32:00;75259.85;70788.36;29/12/2022;23:53:37
609;609;7;85;PF;14/05/2017;15:03:00;57623.75;58782.09;04/09/2021;06:56:17
619;619;7;85;PF;02/04/2020;14:43:00;11.72;789.16;21/05/2022;03:34:21
675;675;7;85;PF;24/04/2019;13:55:00;43784.88;40696.79;30/12/2022;00:00:01
694;694;7;85;PF;07/04/2022;14:35:00;137.44;98.67;29/12/2022;23:59:59
696;696;7;85;PF;24/12/2021;13:02:00;331.32;133.89;29/12/2022;23:59:59
719;719;7;85;PF;16/08/2016;13:16:00;13048.59;13317.15;20/12/2019;19:18:15
724;724;7;85;PF;07/08/2019;13:31:00;1378.00;1349.54;14/09/2022;05:40:11
731;731;7;85;PF;21/07/2017;11:57:00;857.75;512.93;26/12/2022;20:38:55
772;772;7;85;PF;08/06/2017;11:13:00;53692.84;50042.79;12/11/2021;13:19:09
777;777;7;85;PF;07/01/2022;13:03:00;1200.76;577.59;29/12/2022;00:00:00
791;791;7;85;PF;21/10/2015;13:49:00;5609.51;4787.19;27/12/2022;23:54:19
795;795;7;85;PF;25/02/2022;15:08:00;100.64;51.65;29/12/2022;00:00:00
806;806;7;85;PF;02/05/2018;13:32:00;584.98;576.96;29/12/2022;23:48:23
811;811;7;85;PF;06/08/2018;11:04:00;7630.79;7722.45;24/08/2022;03:53:49
812;812;7;85;PF;24/10/2018;12:26:00;15943.42;16354.83;29/06/2022;15:52:37
823;823;7;85;PF;18/01/2022;12:45:00;383.59;357.27;29/12/2022;00:00:00
847;847;7;85;PF;23/10/2017;12:25:00;84.57;35.30;18/08/2022;01:29:44
908;908;7;85;PF;02/04/2021;10:22:00;121.07;146.49;29/12/2022;23:59:59
933;933;7;85;PF;12/08/2015;13:49:00;18663.66;17579.49;10/10/2017;15:46:46
965;965;7;85;PF;28/08/2016;14:28:00;321.13;411.64;30/12/2022;00:00:01
976;976;7;85;PF;16/09/2015;15:49:00;68294.77;64946.46;14/08/2019;20:05:43
32;32;7;86;PF;14/12/2017;14:59:00;17618.68;16884.65;04/10/2020;07:29:28
88;88;7;86;PF;07/10/2020;14:15:00;13428.22;13974.82;29/12/2022;23:59:59
99;99;7;86;PF;14/10/2017;12:58:00;6520.00;6492.20;30/12/2022;00:00:00
101;101;7;86;PF;05/11/2018;14:17:00;111513.04;105076.54;29/12/2022;23:44:00
121;121;7;86;PF;08/02/2021;11:22:00;560.09;167.85;29/12/2022;23:59:59
156;156;7;86;PF;03/09/2018;15:21:00;77724.42;77618.77;29/08/2021;14:31:08
184;184;7;86;PF;12/11/2018;13:09:00;30326.43;31954.14;30/12/2022;00:00:01
194;194;7;86;PF;18/12/2016;14:20:00;6724.23;6042.25;11/12/2021;04:38:39
214;214;7;86;PF;04/04/2017;14:29:00;62.30;51.56;29/12/2022;00:00:00
219;219;7;86;PF;17/02/2022;10:52:00;45527.32;46013.39;30/12/2022;00:00:01
236;236;7;86;PF;25/02/2020;11:42:00;21089.26;21928.04;29/12/2022;00:00:00
268;268;7;86;PF;06/07/2016;16:25:00;745.35;548.68;21/04/2022;03:27:50
282;282;7;86;PF;03/10/2017;12:41:00;156.66;78.30;30/12/2022;00:00:00
287;287;7;86;PF;20/07/2020;13:04:00;37008.84;38511.38;29/12/2022;23:59:59
305;305;7;86;PF;13/07/2021;13:43:00;275.74;187.48;30/12/2022;00:00:00
336;336;7;86;PF;18/10/2020;13:03:00;5.06;33.56;30/12/2022;00:00:00
344;344;7;86;PF;25/05/2022;13:35:00;142.34;26.17;29/12/2022;23:59:59
400;400;7;86;PF;21/04/2018;15:16:00;27.32;9013.16;29/12/2022;00:00:00
401;401;7;86;PF;18/12/2020;11:53:00;51461.90;51296.90;07/08/2022;02:42:20
403;403;7;86;PF;17/03/2020;13:11:00;53898.49;50265.66;29/12/2022;00:00:00
404;404;7;86;PF;05/06/2022;15:57:00;32344.56;31038.09;30/12/2022;00:00:00
426;426;7;86;PF;27/06/2022;11:26:00;152392.83;139689.94;30/12/2022;00:00:01
436;436;7;86;PF;10/12/2019;12:32:00;8634.92;9025.44;29/12/2022;00:00:00
445;445;7;86;PF;18/10/2019;14:44:00;9499.42;7373.57;29/12/2022;18:13:01
470;470;7;86;PF;03/10/2016;14:01:00;14772.14;12201.82;29/12/2022;00:00:00
474;474;7;86;PF;12/01/2020;10:03:00;116.68;13.08;29/12/2022;00:00:00
563;563;7;86;PF;10/07/2021;11:51:00;46720.60;46232.24;30/12/2022;00:00:00
569;569;7;86;PF;25/11/2016;12:47:00;38.12;10.87;29/12/2022;00:00:00
583;583;7;86;PF;25/06/2020;14:02:00;380.63;128.17;29/12/2022;23:59:59
594;594;7;86;PF;26/11/2019;14:01:00;1648.62;1131.10;27/11/2022;00:35:22
605;605;7;86;PF;02/05/2022;16:57:00;50226.31;49704.08;30/12/2022;00:00:00
629;629;7;86;PF;15/06/2018;13:15:00;4654.49;4310.24;29/12/2022;23:49:27
654;654;7;86;PF;24/05/2019;12:34:00;48933.50;46182.71;29/12/2022;00:00:00
665;665;7;86;PF;11/12/2019;14:35:00;15668.52;16088.41;29/12/2022;23:59:59
669;669;7;86;PF;15/04/2016;14:26:00;67205.88;55598.12;14/04/2020;01:45:56
683;683;7;86;PF;06/03/2022;13:25:00;4130.39;4337.77;30/12/2022;00:00:01
707;707;7;86;PF;22/10/2016;14:14:00;60833.23;59617.25;13/01/2019;13:11:29
748;748;7;86;PF;19/06/2019;11:57:00;49285.01;50788.55;30/12/2022;00:00:00
784;784;7;86;PF;27/07/2020;12:34:00;373.39;331.31;29/12/2022;23:59:59
788;788;7;86;PF;11/06/2021;11:11:00;38.44;243.41;30/12/2022;00:00:01
809;809;7;86;PF;18/05/2021;16:15:00;901.68;568.80;29/12/2022;23:59:59
816;816;7;86;PF;18/04/2017;15:01:00;157.97;57.04;23/12/2022;13:45:19
835;835;7;86;PF;09/12/2019;11:43:00;39400.28;38090.60;29/12/2022;00:00:00
843;843;7;86;PF;09/08/2019;10:35:00;11976.37;11226.09;02/07/2021;02:15:55
854;854;7;86;PF;13/04/2017;12:22:00;656.25;652.94;29/12/2022;23:59:59
859;859;7;86;PF;03/11/2020;11:41:00;4935.65;1943.39;30/12/2022;00:00:01
867;867;7;86;PF;14/10/2016;12:02:00;112726.72;112686.21;15/03/2019;11:54:30
885;885;7;86;PF;01/03/2018;15:45:00;16065.41;15859.56;02/09/2020;02:39:39
894;894;7;86;PF;04/06/2019;12:01:00;39102.76;36479.20;23/10/2022;19:09:11
901;901;7;86;PF;18/01/2020;13:48:00;18.92;310.45;29/12/2022;23:59:59
907;907;7;86;PF;01/08/2022;12:44:00;4204.58;4444.39;30/12/2022;00:00:00
921;921;7;86;PF;03/09/2021;15:52:00;334.41;297.92;29/12/2022;00:00:00
922;922;7;86;PF;17/08/2022;11:05:00;38032.11;36903.26;30/12/2022;00:00:00
931;931;7;86;PF;14/09/2020;14:09:00;16674.27;16089.49;30/12/2022;00:00:00
949;949;7;86;PF;07/07/2016;10:30:00;762.50;635.62;26/12/2021;08:41:06
961;961;7;86;PF;13/05/2020;11:41:00;91464.29;91423.61;29/12/2022;23:59:59
962;962;7;86;PF;19/07/2022;15:11:00;15163.99;15247.75;29/12/2022;00:00:00
978;978;7;86;PF;07/03/2022;14:38:00;15455.42;15291.84;30/12/2022;00:00:00
985;985;7;86;PF;18/01/2018;15:15:00;24814.11;22495.77;26/06/2021;00:54:13
30;30;8;33;PF;26/01/2018;14:53:00;129.66;957.15;30/12/2022;00:00:00
475;475;8;33;PF;04/05/2020;13:45:00;82402.71;82534.20;29/12/2022;23:59:59
858;858;8;33;PF;28/11/2018;11:24:00;628.78;297.11;14/04/2022;16:47:44
38;38;8;35;PF;23/08/2021;12:15:00;31493.59;31765.42;30/12/2022;00:00:01
125;125;8;35;PF;08/04/2019;12:41:00;10863.58;12932.35;29/12/2022;23:59:57
428;428;8;35;PF;27/11/2019;14:29:00;61602.49;56521.82;29/12/2022;00:00:00
526;526;8;35;PF;16/09/2018;15:21:00;37666.72;37588.75;29/12/2022;20:03:55
869;869;8;35;PF;09/04/2021;13:01:00;1807.35;1835.42;29/12/2022;23:59:59
872;872;8;35;PF;16/01/2021;10:38:00;74.70;55.00;30/12/2022;00:00:01
120;120;8;40;PF;18/11/2021;10:05:00;448.52;400.95;29/12/2022;23:59:59
453;453;8;40;PF;14/01/2022;13:16:00;20.26;218.06;29/12/2022;00:00:00
918;918;8;40;PF;16/05/2020;11:58:00;666.10;502.46;29/12/2022;22:20:07
209;209;8;51;PF;07/02/2021;12:38:00;21.63;8.36;29/12/2022;23:59:59
407;407;8;51;PF;18/05/2019;13:18:00;6002.91;5776.05;15/11/2021;10:22:45
556;556;8;51;PF;08/06/2020;14:51:00;165.02;1003.86;29/12/2022;23:59:57
560;560;8;51;PF;14/07/2020;13:09:00;40.80;17.21;11/12/2022;22:19:08
950;950;8;51;PF;23/10/2020;14:33:00;184.49;67.75;05/07/2022;00:56:30
44;44;8;68;PF;07/09/2020;14:32:00;26049.30;24401.26;05/11/2022;21:31:22
639;639;8;68;PF;16/04/2020;13:45:00;119106.69;122899.57;18/11/2022;12:13:00
736;736;8;68;PF;06/11/2021;15:31:00;6682.74;6102.12;29/12/2022;23:59:59
825;825;8;68;PF;28/04/2022;14:01:00;8502.88;7492.98;30/12/2022;00:00:01
69;69;8;80;PF;26/10/2019;14:52:00;152.50;103.48;29/12/2022;00:00:00
288;288;8;80;PF;08/10/2018;10:40:00;527.60;437.70;30/12/2022;00:00:01
359;359;8;80;PF;15/01/2019;11:27:00;60095.91;57983.04;10/05/2022;20:02:31
644;644;8;80;PF;06/11/2022;12:02:00;651.23;610.89;30/12/2022;00:00:00
693;693;8;80;PF;21/01/2020;13:12:00;162.09;75.28;29/12/2022;23:59:59
743;743;8;80;PF;06/05/2019;11:39:00;14112.22;12225.51;29/12/2022;23:40:09
50;50;8;94;PF;17/11/2021;16:16:00;292.62;92.12;30/12/2022;00:00:00
672;672;8;94;PF;14/07/2019;12:16:00;15905.06;14492.84;29/12/2022;23:59:55
853;853;8;94;PF;21/11/2020;11:32:00;232.55;223.73;30/12/2022;00:00:01
253;253;9;1;PF;27/05/2022;11:17:00;324.39;232.78;30/12/2022;00:00:00
313;313;9;1;PF;22/08/2022;13:17:00;4056.66;4254.34;29/12/2022;23:59:59
591;591;9;1;PF;19/05/2022;11:46:00;20638.03;19948.77;30/12/2022;00:00:00
793;793;9;1;PF;03/05/2020;15:46:00;19031.04;19194.43;30/12/2022;00:00:00
815;815;9;1;PF;21/06/2021;14:04:00;174.40;124.26;29/12/2022;00:00:00
111;111;9;11;PF;02/11/2021;11:34:00;8803.35;8911.52;30/12/2022;00:00:01
652;652;9;11;PF;23/10/2020;15:23:00;88153.38;80069.18;29/08/2022;16:01:05
726;726;9;11;PF;06/11/2019;15:14:00;6821.06;7092.00;30/12/2022;00:00:01
25;25;9;25;PF;04/09/2022;10:40:00;9489.89;9647.99;29/12/2022;00:00:00
132;132;9;25;PF;18/08/2022;11:53:00;57047.00;57686.22;30/12/2022;00:00:01
585;585;9;25;PF;20/10/2022;11:04:00;44649.39;40913.97;30/12/2022;00:00:01
96;96;9;38;PF;15/08/2022;13:30:00;317.95;257.75;29/12/2022;23:59:59
443;443;9;38;PF;03/01/2022;11:42:00;470.73;383.61;29/12/2022;00:00:00
713;713;9;38;PF;10/10/2019;10:50:00;6769.58;6828.53;29/12/2022;00:00:00
66;66;9;39;PF;19/05/2021;13:18:00;134.87;78.44;24/06/2022;02:32:39
321;321;9;39;PF;24/04/2020;10:58:00;706.22;444.63;29/12/2022;00:00:00
916;916;9;39;PF;17/01/2020;11:30:00;20401.10;18537.45;30/12/2022;00:00:00
947;947;9;39;PF;02/09/2022;15:11:00;36730.38;37095.21;30/12/2022;00:00:00
10;10;9;75;PF;03/11/2020;14:04:00;30742.04;28682.48;30/12/2022;00:00:00
34;34;9;75;PF;02/08/2022;15:03:00;31583.46;29187.79;30/12/2022;00:00:01
711;711;9;75;PF;08/12/2022;14:47:00;342.77;235.76;05/01/2023;04:57:58
278;278;9;90;PF;17/04/2020;15:47:00;47525.72;47220.72;29/12/2022;23:59:59
512;512;9;90;PF;12/05/2020;12:40:00;5687.07;4791.86;06/02/2022;14:04:31
648;648;9;90;PF;28/07/2021;15:32:00;5011.14;4585.31;30/12/2022;00:00:01
904;904;9;90;PF;16/12/2020;14:36:00;153177.78;143607.04;29/12/2022;08:00:16
41;41;9;91;PF;28/02/2020;12:44:00;53.16;91.53;30/12/2022;00:00:00
79;79;9;91;PF;03/12/2022;10:51:00;883.05;642.80;30/12/2022;00:00:00
136;136;9;91;PF;24/03/2021;13:43:00;34431.60;32145.32;29/12/2022;23:59:59
257;257;9;91;PF;20/05/2021;14:11:00;2937.33;2641.36;30/12/2022;00:00:00
770;770;9;91;PF;04/04/2022;12:34:00;62511.09;29401.58;29/12/2022;23:59:59
466;466;10;8;PF;26/10/2022;14:13:00;7847.42;9351.63;30/12/2022;00:00:00
764;764;10;8;PF;08/09/2022;11:06:00;65495.19;64823.14;29/12/2022;00:00:00
488;488;10;18;PF;16/07/2022;10:16:00;8663.61;6836.57;30/12/2022;00:00:01
395;395;10;95;PF;01/12/2022;15:27:00;23156.21;21578.33;30/12/2022;00:00:01
355;355;10;100;PF;22/10/2022;14:50:00;10680.15;10336.34;29/12/2022;00:00:00
